Cities,Population,Total Offenses,Crimes Against Persons,Crimes Against Property,Crimes Against Society,"Assault
Offenses","Aggravated
Assault","Simple
Assault",Intimidation,"Homicide
Offenses",Murder and Nonnegligent Manslaughter,"Negligent
Manslaughter","Justifiable
Homicide","Kidnapping/
Abduction","Sex
Offenses",Rape,Sodomy,"Sexual
Assault
With An
Object",Fondling,"Sex
Offenses,
Nonforcible",Incest,"Statutory
Rape",Arson,Bribery,"Burglary/
Breaking &
Entering","Counter-
feiting/
Forgery","Destruction/
Damage/
Vandalism","Embezzle-
ment","Extortion/
Blackmail","Fraud
Offenses","False
Pretenses/
Swindle/
Confidence
Game","Credit Card/
Automated
Teller
Machine Fraud","Imperson-
ation","Welfare
Fraud","Wire
Fraud","Larceny-
Theft
Offenses","Pocket-
picking","Purse-
snatching","Shop-
lifting","Theft
From
Building","Theft
From
Coin-
operated
Machine","Theft
From
Motor
Vehicle","Theft of
Motor
Vehicle
Parts or
Accessories","All
Other
Larceny","Motor
Vehicle
Theft",Robbery,"Stolen
Property
Offenses ","Drug/
Narcotic
Offenses","Drug/
Narcotic
Violations","Drug
Equipment
Violations","Gambling
Offenses","Betting/
Wagering","Operating/
Promoting/
Assisting
Gambling","Gambling
Equipment
Violations","Sports
Tampering","Porno-
graphy/
Obscene
Material","Prost-
itution
Offenses","Prost-
itution","Assisting
or Pro-
moting
Prost-
itution","Weapon
Law
Violations",Universities and Colleges,Populiation_u,Total Offenses_u,Crimes Against Persons_u,Crimes Against Property_u,Crimes Against Society_u,"Assault
Offenses_u","Aggravated
Assault_u","Simple
Assault_u",Intimidation_u,"Homicide
Offenses_u",Murder and Nonnegligent Manslaughter_u,"Negligent
Manslaughter_u","Justifiable
Homicide_u","Kidnapping/
Abduction_u","Sex
Offenses_u",Rape_u,Sodomy_u,"Sexual
Assault
With An
Object_u",Fondling_u,"Sex
Offenses,
Nonforcible_u",Incest_u,"Statutory
Rape_u",Arson_u,Bribery_u,"Burglary/
Breaking &
Entering_u","Counter-
feiting/
Forgery_u","Destruction/
Damage/
Vandalism_u","Embezzle-
ment_u","Extortion/
Blackmail_u","Fraud
Offenses_u","False
Pretenses/
Swindle/
Confidence
Game_u","Credit Card/
Automated
Teller
Machine Fraud_u","Imperson-
ation_u","Welfare
Fraud_u","Wire
Fraud_u","Larceny-
Theft
Offenses_u","Pocket-
picking_u","Purse-
snatching_u","Shop-
lifting_u","Theft
From
Building_u","Theft
From
Coin-
operated
Machine_u","Theft
From
Motor
Vehicle_u","Theft of
Motor
Vehicle
Parts or
Accessories_u","All
Other
Larceny_u","Motor
Vehicle
Theft_u",Robbery_u,"Stolen
Property
Offenses_u ","Drug/
Narcotic
Offenses_u","Drug/
Narcotic
Violations_u","Drug
Equipment
Violations_u","Gambling
Offenses_u","Betting/
Wagering_u","Operating/
Promoting/
Assisting
Gambling_u","Gambling
Equipment
Violations_u","Sports
Tampering_u","Porno-
graphy/
Obscene
Material_u","Prost-
itution
Offenses_u","Prost-
itution_u","Assisting
or Pro-
moting
Prost-
itution_u","Weapon
Law
Violations_u",Metropolitan Counties,Populiation_MC,Total Offenses_MC,Crimes Against Persons_MC,Crimes Against Property_MC,Crimes Against Society_MC,"Assault
Offenses_MC","Aggravated
Assault_MC","Simple
Assault_MC",Intimidation_MC,"Homicide
Offenses_MC",Murder and Nonnegligent Manslaughter_MC,"Negligent
Manslaughter_MC","Justifiable
Homicide_MC","Kidnapping/
Abduction_MC","Sex
Offenses_MC",Rape_MC,Sodomy_MC,"Sexual
Assault
With An
Object_MC",Fondling_MC,"Sex
Offenses,
Nonforcible_MC",Incest_MC,"Statutory
Rape_MC",Arson_MC,Bribery_MC,"Burglary/
Breaking &
Entering_MC","Counter-
feiting/
Forgery_MC","Destruction/
Damage/
Vandalism_MC","Embezzle-
ment_MC","Extortion/
Blackmail_MC","Fraud
Offenses_MC","False
Pretenses/
Swindle/
Confidence
Game_MC","Credit Card/
Automated
Teller
Machine Fraud_MC","Imperson-
ation_MC","Welfare
Fraud_MC","Wire
Fraud_MC","Larceny-
Theft
Offenses_MC","Pocket-
picking_MC","Purse-
snatching_MC","Shop-
lifting_MC","Theft
From
Buildin_MC","Theft
From
Coin-
operated
Machine_MC","Theft
From
Motor
Vehicle_MC","Theft of
Motor
Vehicle
Parts or
Accessories_MC","All
Other
Larceny_MC","Motor
Vehicle
Theft_MC",Robbery_MC,"Stolen
Property
Offenses_MC ","Drug/
Narcotic
Offenses_MC","Drug/
Narcotic
Violations_MC","Drug
Equipment
Violations_MC","Gambling
Offenses_MC","Betting/
Wagering_MC","Operating/
Promoting/
Assisting
Gambling_MC","Gambling
Equipment
Violations_MC","Sports
Tampering_MC","Porno-
graphy/
Obscene
Material_MC","Prost-
itution
Offenses_MC","Prost-
itution_MC","Assisting
or Pro-
moting
Prost-
itution_MC","Weapon
Law
Violations_MC",Nonmetropolitan Counties,Populiation_NC,Total Offenses_NC,Crimes Against Persons_NC,Crimes Against Property_NC,Crimes Against Society_NC,"Assault
Offenses_NC","Aggravated
Assault_)NC","Simple
Assault_NC",Intimidation_NC,"Homicide
Offenses_NC",Murder and Nonnegligent Manslaughter_NC,"Negligent
Manslaughter_NC","Justifiable
Homicide_NC","Kidnapping/
Abduction_NC","Sex
Offenses_NC",Rape_NC,Sodomy_NC,"Sexual
Assault
With An
Object_NC",Fondling_NC,"Sex
Offenses,
Nonforcible_NC",Incest_NC,"Statutory
Rape_NC",Arson_NC,Bribery_NC,"Burglary/
Breaking &
Entering_NC","Counter-
feiting/
Forgery_NC","Destruction/
Damage/
Vandalism_NC","Embezzle-
ment_NC","Extortion/
Blackmail_NC","Fraud
Offenses_NC","False
Pretenses/
Swindle/
Confidence
Game_NC","Credit Card/
Automated
Teller
Machine Fraud_NC","Imperson-
ation_NC","Welfare
Fraud_NC","Wire
Fraud_NC","Larceny-
Theft
Offenses_NC","Pocket-
picking_NC","Purse-
snatchin_NC","Shop-
lifting_NC","Theft
From
Building_NC","Theft
From
Coin-
operated
Machine_NC","Theft
From
Motor
Vehicle_NC","Theft of
Motor
Vehicle
Parts or
Accessories_NC","All
Other
Larceny_NC","Motor
Vehicle
Theft_NC",Robbery_NC,"Stolen
Property
Offenses_NC ","Drug/
Narcotic
Offenses_NC","Drug/
Narcotic
Violations_NC","Drug
Equipment
Violations_NC","Gambling
Offenses_NC","Betting/
Wagering_NC","Operating/
Promoting/
Assisting
Gambling_NC","Gambling
Equipment
Violations_NC","Sports
Tampering_NC","Porno-
graphy/
Obscene
Material_NC","Prost-
itution
Offenses_NC","Prost-
itution_NC","Assisting
or Pro-
moting
Prost-
itution_NC","Weapon
Law
Violations_NC"
Aberdeen,"17,000","1,902",339,"1,147",416,284,27,222,35,1,1,NA,NA,4,46,13,NA,NA,33,4,1,3,2,NA,218,31,118,NA,NA,24,5,5,12,NA,2,624,1,10,310,27,1,79,45,151,83,18,29,350,168,182,NA,NA,NA,NA,NA,3,23,23,NA,40,Central Washington University,"11,320",296,27,227,42,21,2,19,NA,NA,NA,NA,NA,NA,6,2,1,NA,3,NA,NA,NA,4,NA,18,NA,59,NA,NA,4,NA,3,1,NA,NA,136,NA,NA,8,41,NA,25,1,61,5,1,NA,41,33,8,NA,NA,NA,NA,NA,NA,NA,NA,NA,1,Asotin,NA,449,121,282,46,112,22,90,NA,1,NA,1,NA,NA,7,4,NA,NA,3,1,NA,1,NA,NA,49,2,73,NA,NA,2,NA,1,1,NA,NA,142,NA,NA,1,1,NA,30,1,109,13,1,NA,41,29,12,NA,NA,NA,NA,NA,NA,NA,NA,NA,5,Adams,NA,579,104,404,71,88,10,78,NA,NA,NA,NA,NA,NA,16,7,NA,NA,9,NA,NA,NA,2,NA,84,1,100,NA,NA,22,6,14,2,NA,NA,162,NA,NA,2,12,NA,27,8,113,30,2,1,34,31,3,NA,NA,NA,NA,NA,NA,NA,NA,NA,37
Airway Heights,"6,198",512,94,402,16,93,NA,93,NA,NA,NA,NA,NA,NA,1,1,NA,NA,NA,NA,NA,NA,1,NA,67,3,41,NA,1,15,NA,14,1,NA,NA,236,15,10,92,66,3,45,1,4,25,9,4,15,15,NA,NA,NA,NA,NA,NA,NA,NA,NA,NA,1,Eastern Washington University,"12,126",208,22,148,38,19,NA,10,9,NA,NA,NA,NA,NA,3,2,NA,NA,1,NA,NA,NA,NA,NA,11,3,29,NA,NA,3,NA,1,NA,NA,2,98,NA,NA,2,88,NA,2,1,5,2,1,1,38,34,4,NA,NA,NA,NA,NA,NA,NA,NA,NA,NA,Benton,NA,"1,624",417,887,320,361,54,273,34,3,NA,3,NA,6,44,8,1,NA,35,3,NA,3,4,NA,153,9,229,NA,NA,65,46,8,10,NA,1,348,NA,NA,2,4,2,98,3,239,40,5,34,282,192,90,NA,NA,NA,NA,NA,4,NA,NA,NA,34,Clallam,NA,"1,704",361,"1,237",106,321,48,240,33,4,4,NA,NA,8,24,10,NA,4,10,4,2,2,2,1,303,28,249,1,NA,31,2,29,NA,NA,NA,546,NA,3,63,73,NA,111,80,216,36,11,29,90,67,23,NA,NA,NA,NA,NA,NA,NA,NA,NA,16
Algona,"3,104",132,23,95,14,23,1,22,NA,NA,NA,NA,NA,NA,NA,NA,NA,NA,NA,NA,NA,NA,1,NA,13,2,8,NA,NA,7,NA,6,NA,NA,1,56,NA,NA,NA,28,1,24,NA,3,6,1,1,13,10,3,NA,NA,NA,NA,NA,NA,NA,NA,NA,1,Evergreen State College,"4,794",300,4,200,96,3,NA,3,NA,NA,NA,NA,NA,NA,1,1,NA,NA,NA,NA,NA,NA,1,NA,13,2,82,NA,NA,15,15,NA,NA,NA,NA,86,NA,NA,1,17,1,10,NA,57,1,NA,NA,96,50,46,NA,NA,NA,NA,NA,NA,NA,NA,NA,NA,Chelan,NA,"1,280",285,873,122,270,24,246,NA,1,1,NA,NA,3,10,6,NA,NA,4,1,1,NA,NA,NA,179,10,201,NA,NA,34,7,19,8,NA,NA,401,NA,5,37,23,1,114,18,203,30,6,12,104,77,27,NA,NA,NA,NA,NA,NA,NA,NA,NA,18,Ferry,NA,73,36,34,3,33,9,23,1,NA,NA,NA,NA,NA,3,1,NA,NA,2,NA,NA,NA,1,NA,9,NA,4,NA,NA,NA,NA,NA,NA,NA,NA,19,NA,2,NA,10,NA,2,1,4,1,NA,NA,2,2,NA,NA,NA,NA,NA,NA,NA,NA,NA,NA,1
Anacortes,"16,097","1,309",179,833,297,171,13,143,15,NA,NA,NA,NA,NA,7,1,NA,NA,6,1,NA,1,7,NA,148,9,177,3,1,43,11,26,4,NA,2,389,NA,1,33,66,1,115,11,162,35,2,19,277,132,145,NA,NA,NA,NA,NA,2,NA,NA,NA,18,Washington State University:,NA,NA,NA,NA,NA,NA,NA,NA,NA,NA,NA,NA,NA,NA,NA,NA,NA,NA,NA,NA,NA,NA,NA,NA,NA,NA,NA,NA,NA,NA,NA,NA,NA,NA,NA,NA,NA,NA,NA,NA,NA,NA,NA,NA,NA,NA,NA,NA,NA,NA,NA,NA,NA,NA,NA,NA,NA,NA,NA,NA,Clark,NA,"6,952","1,359","5,159",434,"1,259",184,883,192,2,2,NA,NA,4,89,46,NA,NA,43,5,NA,5,31,NA,"1,160",166,736,NA,NA,59,43,NA,16,NA,NA,"2,345",8,12,309,252,NA,994,66,704,559,51,52,387,310,77,NA,NA,NA,NA,NA,4,NA,NA,NA,43,Garfield,NA,133,25,76,32,21,6,10,5,NA,NA,NA,NA,NA,4,1,NA,NA,3,NA,NA,NA,1,NA,16,NA,17,NA,NA,3,NA,3,NA,NA,NA,36,NA,NA,1,4,1,3,3,24,2,NA,1,23,13,10,NA,NA,NA,NA,NA,1,1,1,NA,7
Asotin,"1,282",43,17,23,3,17,2,14,1,NA,NA,NA,NA,NA,NA,NA,NA,NA,NA,NA,NA,NA,NA,NA,3,NA,9,NA,NA,NA,NA,NA,NA,NA,NA,10,1,NA,NA,5,NA,2,NA,2,1,NA,NA,3,3,NA,NA,NA,NA,NA,NA,NA,NA,NA,NA,NA,Pullman,"27,329",812,47,387,378,41,1,35,5,NA,NA,NA,NA,NA,6,4,NA,NA,2,NA,NA,NA,3,NA,33,3,140,NA,NA,22,12,9,1,NA,NA,174,NA,NA,1,98,1,26,1,47,1,1,10,366,238,128,NA,NA,NA,NA,NA,NA,NA,NA,NA,12,Columbia,NA,262,39,221,2,33,4,26,3,1,1,NA,NA,1,4,2,NA,NA,2,NA,NA,NA,NA,NA,47,NA,54,NA,NA,2,2,NA,NA,NA,NA,116,NA,NA,3,NA,NA,26,2,85,2,NA,NA,1,1,NA,NA,NA,NA,NA,NA,NA,NA,NA,NA,1,Grant,NA,"2,466",487,"1,817",162,428,74,344,10,3,3,NA,NA,10,41,19,NA,NA,22,5,NA,5,10,NA,360,14,402,NA,2,42,9,24,9,NA,NA,802,NA,NA,2,1,NA,177,1,621,124,13,48,139,108,31,NA,NA,NA,NA,NA,1,NA,NA,NA,22
Bainbridge Island,"23,490",645,99,493,53,88,8,74,6,NA,NA,NA,NA,NA,11,4,NA,NA,7,NA,NA,NA,2,NA,52,8,112,NA,NA,59,3,NA,56,NA,NA,249,NA,NA,14,2,NA,33,3,197,9,NA,2,47,15,32,NA,NA,NA,NA,NA,NA,NA,NA,NA,6,Vancouver2,NA,9,1,8,0,NA,NA,NA,NA,NA,NA,NA,NA,NA,1,1,NA,NA,NA,NA,NA,NA,NA,NA,1,NA,NA,NA,NA,NA,NA,NA,NA,NA,NA,7,NA,NA,NA,3,NA,4,NA,NA,NA,NA,NA,NA,NA,NA,NA,NA,NA,NA,NA,NA,NA,NA,NA,NA,Cowlitz,NA,"1,300",396,792,112,336,45,211,80,3,3,NA,NA,6,50,36,7,NA,7,1,1,NA,8,NA,183,13,161,NA,NA,41,9,14,15,NA,3,317,1,NA,NA,12,NA,75,11,218,43,1,25,92,80,12,NA,NA,NA,NA,NA,2,1,1,NA,17,Island,NA,"1,586",268,"1,274",44,237,54,159,24,1,1,NA,NA,5,23,16,1,NA,6,2,2,NA,4,NA,308,9,322,NA,NA,104,104,NA,NA,NA,NA,486,NA,1,26,3,NA,31,7,418,34,2,5,26,20,6,NA,NA,NA,NA,NA,NA,NA,NA,NA,18
Battle Ground,"18,068",946,173,580,193,153,19,116,18,NA,NA,NA,NA,3,16,5,2,1,8,1,NA,1,2,NA,54,3,128,2,NA,32,6,4,22,NA,NA,306,NA,NA,62,71,NA,68,1,104,30,4,19,182,99,83,NA,NA,NA,NA,NA,1,1,1,NA,9,Western Washington University,"14,842",330,22,290,18,14,5,7,2,NA,NA,NA,NA,2,6,4,NA,NA,2,NA,NA,NA,1,NA,11,3,153,NA,NA,3,1,2,NA,NA,NA,117,NA,NA,5,34,3,15,NA,60,1,NA,1,17,13,4,NA,NA,NA,NA,NA,1,NA,NA,NA,NA,Douglas,NA,849,128,574,147,115,13,102,NA,1,NA,1,NA,NA,10,4,1,NA,5,2,NA,2,3,NA,170,5,58,NA,NA,34,21,5,8,NA,NA,265,NA,NA,11,48,NA,70,33,103,25,3,11,135,74,61,NA,NA,NA,NA,NA,NA,NA,NA,NA,12,Jefferson,NA,871,228,596,47,214,34,159,21,NA,NA,NA,NA,NA,13,8,1,NA,4,1,1,NA,4,1,143,6,121,NA,NA,26,8,17,1,NA,NA,263,NA,NA,22,7,NA,63,7,164,29,1,2,38,27,11,NA,NA,NA,NA,NA,3,NA,NA,NA,6
Bellingham,"82,665","8,106","1,014","6,618",474,928,139,505,284,NA,NA,NA,NA,24,56,29,1,1,25,6,NA,6,5,NA,614,150,"1,625",6,1,352,72,249,15,1,15,"3,566",4,4,"1,033",410,1,475,266,"1,373",147,53,99,391,370,21,NA,NA,NA,NA,NA,1,20,15,5,62,,,,,,,,,,,,,,,,,,,,,,,,,,,,,,,,,,,,,,,,,,,,,,,,,,,,,,,,,,,,,,Franklin,NA,541,106,342,93,87,12,66,9,NA,NA,NA,NA,NA,18,5,5,NA,8,1,NA,1,NA,NA,70,3,73,1,NA,26,17,5,4,NA,NA,141,NA,NA,NA,3,NA,22,3,113,18,2,8,76,56,20,NA,NA,NA,NA,NA,1,2,1,1,14,Kittitas,NA,622,113,429,80,99,6,91,2,NA,NA,NA,NA,NA,13,2,1,NA,10,1,1,NA,2,NA,92,3,124,NA,NA,14,NA,13,NA,NA,1,169,NA,1,NA,13,1,18,3,133,23,NA,2,73,47,26,NA,NA,NA,NA,NA,1,NA,NA,NA,6
Bingen,731,60,6,49,5,6,NA,6,NA,NA,NA,NA,NA,NA,NA,NA,NA,NA,NA,NA,NA,NA,NA,NA,5,1,20,1,NA,NA,NA,NA,NA,NA,NA,20,NA,NA,NA,10,NA,9,NA,1,2,NA,NA,5,4,1,NA,NA,NA,NA,NA,NA,NA,NA,NA,NA,,,,,,,,,,,,,,,,,,,,,,,,,,,,,,,,,,,,,,,,,,,,,,,,,,,,,,,,,,,,,,Kitsap,NA,"7,998","1,625","5,785",588,"1,440",236,"1,191",13,2,2,NA,NA,11,154,54,13,NA,87,18,5,13,17,NA,"1,284",137,766,18,3,194,16,NA,176,2,NA,"2,853",NA,1,268,9,2,750,79,"1,744",341,47,125,516,372,144,NA,NA,NA,NA,NA,1,NA,NA,NA,71,Lewis,NA,"1,605",366,"1,087",152,333,40,260,33,1,1,NA,NA,3,27,5,NA,NA,22,2,NA,2,3,NA,299,9,272,NA,NA,56,8,29,18,NA,1,361,1,1,NA,27,NA,50,9,273,49,1,37,128,79,49,NA,NA,NA,NA,NA,5,NA,NA,NA,19
Black Diamond,"4,279",197,27,112,58,26,NA,24,2,NA,NA,NA,NA,NA,1,NA,NA,NA,1,NA,NA,NA,NA,NA,13,NA,27,NA,NA,10,1,7,2,NA,NA,48,NA,NA,3,20,NA,8,1,16,12,1,1,57,30,27,NA,NA,NA,NA,NA,NA,NA,NA,NA,1,,,,,,,,,,,,,,,,,,,,,,,,,,,,,,,,,,,,,,,,,,,,,,,,,,,,,,,,,,,,,,Pend Oreille,NA,"1,094",366,620,108,343,12,173,158,3,3,NA,NA,1,19,3,NA,NA,16,NA,NA,NA,NA,NA,143,2,128,NA,NA,13,11,NA,1,NA,1,291,NA,NA,4,NA,NA,15,3,269,37,1,5,59,41,18,NA,NA,NA,NA,NA,NA,NA,NA,NA,49,Lincoln,NA,336,77,225,34,70,9,54,7,NA,NA,NA,NA,NA,6,NA,1,NA,5,1,NA,1,2,NA,45,NA,57,NA,NA,12,2,4,2,NA,4,97,1,1,2,46,NA,20,1,26,11,NA,1,30,28,2,NA,NA,NA,NA,NA,NA,NA,NA,NA,4
Blaine,"4,791",300,39,151,110,35,6,29,NA,NA,NA,NA,NA,NA,2,NA,1,NA,1,2,NA,2,1,NA,22,NA,8,NA,NA,NA,NA,NA,NA,NA,NA,117,NA,NA,7,60,NA,13,3,34,1,1,1,103,71,32,NA,NA,NA,NA,NA,NA,NA,NA,NA,7,,,,,,,,,,,,,,,,,,,,,,,,,,,,,,,,,,,,,,,,,,,,,,,,,,,,,,,,,,,,,,Pierce,NA,"20,148","3,330","15,808","1,010","2,915",698,"2,190",27,19,17,NA,2,55,309,102,8,2,197,32,3,29,46,1,"3,603",231,"3,333",2,4,"1,413",178,734,481,3,17,"5,657",14,21,515,461,11,"1,976",168,"2,491","1,087",201,230,816,627,189,NA,NA,NA,NA,NA,14,6,5,1,174,Mason,NA,"2,903",353,"2,287",263,280,77,193,10,7,4,3,NA,5,59,10,NA,NA,49,2,2,NA,6,NA,723,29,335,4,NA,157,4,106,37,1,9,805,1,5,36,30,1,196,53,483,179,11,38,126,112,14,NA,NA,NA,NA,NA,NA,1,1,NA,136
Bonney Lake,"17,751","1,073",110,880,83,102,13,86,3,NA,NA,NA,NA,1,7,1,NA,1,5,NA,NA,NA,5,NA,120,25,184,NA,NA,84,15,49,20,NA,NA,408,2,1,111,59,1,135,10,89,34,6,14,71,48,23,NA,NA,NA,NA,NA,NA,NA,NA,NA,12,,,,,,,,,,,,,,,,,,,,,,,,,,,,,,,,,,,,,,,,,,,,,,,,,,,,,,,,,,,,,,Skagit,NA,"3,272",593,"2,316",363,546,74,314,158,1,1,NA,NA,5,39,12,4,2,21,2,NA,2,11,NA,539,23,591,7,2,198,73,63,34,NA,28,814,NA,NA,18,119,3,185,125,364,69,8,54,238,154,84,NA,NA,NA,NA,NA,3,1,1,NA,121,Okanogan,NA,891,253,559,79,246,34,187,25,NA,NA,NA,NA,NA,7,6,NA,NA,1,NA,NA,NA,3,NA,168,2,117,NA,NA,19,19,NA,NA,NA,NA,212,NA,3,2,3,NA,13,9,182,34,3,1,69,43,26,NA,NA,NA,NA,NA,1,NA,NA,NA,9
Bothell,"34,389","1,719",247,"1,254",218,234,19,159,56,1,1,NA,NA,1,8,7,NA,NA,1,3,3,NA,8,NA,178,10,245,3,1,23,11,10,2,NA,NA,701,1,4,81,77,3,17,121,397,64,8,13,200,139,61,NA,NA,NA,NA,NA,NA,1,1,NA,17,,,,,,,,,,,,,,,,,,,,,,,,,,,,,,,,,,,,,,,,,,,,,,,,,,,,,,,,,,,,,,Skamania,NA,355,128,175,52,110,7,92,11,NA,NA,NA,NA,1,17,7,1,NA,9,NA,NA,NA,NA,NA,37,2,52,NA,NA,3,1,1,NA,NA,1,75,NA,NA,NA,1,NA,27,NA,47,6,NA,NA,45,42,3,NA,NA,NA,NA,NA,NA,NA,NA,NA,7,San Juan,NA,400,62,316,22,53,9,29,15,NA,NA,NA,NA,NA,7,4,NA,NA,3,2,NA,2,NA,NA,73,1,67,1,NA,20,12,6,NA,NA,2,139,NA,NA,14,22,NA,32,NA,71,12,NA,3,22,16,6,NA,NA,NA,NA,NA,NA,NA,NA,NA,NA
Bremerton,"39,434","4,706",881,"3,280",545,809,147,649,13,1,1,NA,NA,5,60,38,3,NA,19,6,1,5,22,NA,444,125,669,2,2,96,5,2,89,NA,NA,"1,580",NA,1,168,22,4,322,18,"1,045",201,44,95,475,331,144,NA,NA,NA,NA,NA,NA,20,14,6,50,,,,,,,,,,,,,,,,,,,,,,,,,,,,,,,,,,,,,,,,,,,,,,,,,,,,,,,,,,,,,,Stevens,NA,"1,284",359,838,87,320,22,211,87,NA,NA,NA,NA,6,33,5,NA,NA,28,NA,NA,NA,1,NA,263,4,187,NA,NA,25,19,4,2,NA,NA,303,1,2,3,21,NA,45,10,221,53,NA,2,68,56,12,NA,NA,NA,NA,NA,1,NA,NA,NA,18,Wahkiakum,NA,33,22,4,7,20,3,15,2,NA,NA,NA,NA,NA,1,NA,NA,NA,1,1,NA,1,NA,NA,1,NA,2,NA,NA,NA,NA,NA,NA,NA,NA,NA,NA,NA,NA,NA,NA,NA,NA,NA,1,NA,NA,6,6,NA,NA,NA,NA,NA,NA,NA,NA,NA,NA,1
Brewster,"2,409",81,23,48,10,21,2,16,3,NA,NA,NA,NA,NA,2,2,NA,NA,NA,NA,NA,NA,NA,NA,12,NA,15,NA,NA,2,1,1,NA,NA,NA,17,NA,NA,3,NA,NA,2,NA,12,2,NA,NA,8,5,3,NA,NA,NA,NA,NA,NA,NA,NA,NA,2,,,,,,,,,,,,,,,,,,,,,,,,,,,,,,,,,,,,,,,,,,,,,,,,,,,,,,,,,,,,,,Thurston,NA,"5,357",852,"4,279",226,722,203,506,13,1,1,NA,NA,27,96,30,10,NA,56,6,NA,6,21,NA,"1,169",75,524,NA,3,579,1,NA,578,NA,NA,"1,576",3,NA,43,105,NA,473,36,916,231,25,76,189,148,41,NA,NA,NA,NA,NA,6,NA,NA,NA,31,Whitman,NA,348,59,182,107,50,3,46,1,1,1,NA,NA,NA,8,2,NA,NA,6,NA,NA,NA,2,NA,30,3,27,NA,NA,17,3,13,1,NA,NA,87,NA,NA,NA,5,NA,8,7,67,8,NA,8,93,56,37,NA,NA,NA,NA,NA,NA,NA,NA,NA,14
Brier,"6,225",163,30,129,4,28,1,26,1,NA,NA,NA,NA,1,NA,NA,NA,NA,NA,1,1,NA,NA,NA,33,NA,21,NA,NA,10,1,8,NA,NA,1,59,NA,NA,NA,16,NA,17,1,25,6,NA,NA,3,3,NA,NA,NA,NA,NA,NA,1,NA,NA,NA,NA,,,,,,,,,,,,,,,,,,,,,,,,,,,,,,,,,,,,,,,,,,,,,,,,,,,,,,,,,,,,,,Walla Walla,NA,977,176,690,111,162,13,127,22,NA,NA,NA,NA,1,11,1,NA,NA,10,2,NA,2,3,NA,143,1,168,NA,NA,66,45,20,NA,NA,1,284,NA,NA,2,64,3,68,6,141,22,3,NA,99,56,43,NA,NA,NA,NA,NA,1,NA,NA,NA,11,,,,,,,,,,,,,,,,,,,,,,,,,,,,,,,,,,,,,,,,,,,,,,,,,,,,,,,,,,,,,
Burlington,"8,557","1,520",178,"1,206",136,169,8,135,26,NA,NA,NA,NA,1,8,7,NA,NA,1,NA,NA,NA,1,NA,108,1,234,2,NA,1,NA,NA,1,NA,NA,786,NA,2,300,19,NA,143,6,316,36,11,26,127,78,49,NA,NA,NA,NA,NA,NA,NA,NA,NA,9,,,,,,,,,,,,,,,,,,,,,,,,,,,,,,,,,,,,,,,,,,,,,,,,,,,,,,,,,,,,,,,,,,,,,,,,,,,,,,,,,,,,,,,,,,,,,,,,,,,,,,,,,,,,,,,,,,,,,,,,,,,,,,,,,,,,,,,,,,,,,,,,,,,,,,,,,,,,,,,,,,,,,,,,,,,,,,,,,,,,,,,
Castle Rock,"2,002",145,29,100,16,28,2,25,1,NA,NA,NA,NA,NA,1,1,NA,NA,NA,NA,NA,NA,1,NA,12,NA,22,NA,NA,3,NA,2,1,NA,NA,55,1,NA,2,11,NA,21,2,18,5,1,1,14,11,3,NA,NA,NA,NA,NA,NA,NA,NA,NA,2,,,,,,,,,,,,,,,,,,,,,,,,,,,,,,,,,,,,,,,,,,,,,,,,,,,,,,,,,,,,,,,,,,,,,,,,,,,,,,,,,,,,,,,,,,,,,,,,,,,,,,,,,,,,,,,,,,,,,,,,,,,,,,,,,,,,,,,,,,,,,,,,,,,,,,,,,,,,,,,,,,,,,,,,,,,,,,,,,,,,,,,
Centralia,"16,593","1,985",341,"1,168",476,287,48,211,28,2,2,NA,NA,4,42,12,1,NA,29,6,NA,6,8,NA,180,26,224,3,2,63,19,29,15,NA,NA,565,NA,NA,78,44,NA,155,21,267,53,18,26,447,284,163,NA,NA,NA,NA,NA,2,NA,NA,NA,27,,,,,,,,,,,,,,,,,,,,,,,,,,,,,,,,,,,,,,,,,,,,,,,,,,,,,,,,,,,,,,,,,,,,,,,,,,,,,,,,,,,,,,,,,,,,,,,,,,,,,,,,,,,,,,,,,,,,,,,,,,,,,,,,,,,,,,,,,,,,,,,,,,,,,,,,,,,,,,,,,,,,,,,,,,,,,,,,,,,,,,,
Chehalis,"7,371",817,189,554,74,181,13,168,NA,NA,NA,NA,NA,NA,8,4,NA,NA,4,NA,NA,NA,1,NA,46,4,94,NA,NA,14,12,NA,1,NA,1,376,NA,4,93,2,NA,65,2,210,11,4,4,71,68,3,NA,NA,NA,NA,NA,NA,NA,NA,NA,3,,,,,,,,,,,,,,,,,,,,,,,,,,,,,,,,,,,,,,,,,,,,,,,,,,,,,,,,,,,,,,,,,,,,,,,,,,,,,,,,,,,,,,,,,,,,,,,,,,,,,,,,,,,,,,,,,,,,,,,,,,,,,,,,,,,,,,,,,,,,,,,,,,,,,,,,,,,,,,,,,,,,,,,,,,,,,,,,,,,,,,,
Cheney,"10,747",729,203,487,39,195,17,56,122,NA,NA,NA,NA,NA,8,4,1,NA,3,NA,NA,NA,1,NA,79,7,110,NA,1,20,4,8,6,NA,2,242,NA,1,42,33,NA,45,4,117,18,7,2,33,31,2,NA,NA,NA,NA,NA,1,NA,NA,NA,5,,,,,,,,,,,,,,,,,,,,,,,,,,,,,,,,,,,,,,,,,,,,,,,,,,,,,,,,,,,,,,,,,,,,,,,,,,,,,,,,,,,,,,,,,,,,,,,,,,,,,,,,,,,,,,,,,,,,,,,,,,,,,,,,,,,,,,,,,,,,,,,,,,,,,,,,,,,,,,,,,,,,,,,,,,,,,,,,,,,,,,,
Chewelah,"2,632",222,57,141,24,55,6,43,6,NA,NA,NA,NA,1,1,NA,NA,NA,1,NA,NA,NA,NA,NA,18,2,33,NA,NA,15,11,3,1,NA,NA,68,NA,NA,3,15,NA,14,2,34,3,NA,2,23,14,9,NA,NA,NA,NA,NA,NA,NA,NA,NA,1,,,,,,,,,,,,,,,,,,,,,,,,,,,,,,,,,,,,,,,,,,,,,,,,,,,,,,,,,,,,,,,,,,,,,,,,,,,,,,,,,,,,,,,,,,,,,,,,,,,,,,,,,,,,,,,,,,,,,,,,,,,,,,,,,,,,,,,,,,,,,,,,,,,,,,,,,,,,,,,,,,,,,,,,,,,,,,,,,,,,,,,
Cle Elum,"2,845",248,34,190,24,33,2,31,NA,NA,NA,NA,NA,NA,1,NA,NA,NA,1,NA,NA,NA,2,NA,30,2,42,NA,NA,5,NA,3,NA,NA,2,101,NA,NA,9,5,2,23,3,59,4,1,3,22,16,6,NA,NA,NA,NA,NA,NA,NA,NA,NA,2,,,,,,,,,,,,,,,,,,,,,,,,,,,,,,,,,,,,,,,,,,,,,,,,,,,,,,,,,,,,,,,,,,,,,,,,,,,,,,,,,,,,,,,,,,,,,,,,,,,,,,,,,,,,,,,,,,,,,,,,,,,,,,,,,,,,,,,,,,,,,,,,,,,,,,,,,,,,,,,,,,,,,,,,,,,,,,,,,,,,,,,
Clyde Hill,"3,077",53,6,41,6,6,2,4,NA,NA,NA,NA,NA,NA,NA,NA,NA,NA,NA,NA,NA,NA,1,NA,7,NA,7,NA,NA,3,NA,2,1,NA,NA,23,NA,NA,NA,5,NA,NA,NA,18,NA,NA,NA,5,3,2,NA,NA,NA,NA,NA,NA,NA,NA,NA,1,,,,,,,,,,,,,,,,,,,,,,,,,,,,,,,,,,,,,,,,,,,,,,,,,,,,,,,,,,,,,,,,,,,,,,,,,,,,,,,,,,,,,,,,,,,,,,,,,,,,,,,,,,,,,,,,,,,,,,,,,,,,,,,,,,,,,,,,,,,,,,,,,,,,,,,,,,,,,,,,,,,,,,,,,,,,,,,,,,,,,,,
Colfax,"2,867",144,37,96,11,31,1,25,5,NA,NA,NA,NA,NA,6,1,NA,NA,5,NA,NA,NA,2,NA,13,NA,20,NA,NA,24,14,8,2,NA,NA,31,NA,NA,1,13,NA,2,1,14,2,NA,4,10,7,3,NA,NA,NA,NA,NA,NA,NA,NA,NA,1,,,,,,,,,,,,,,,,,,,,,,,,,,,,,,,,,,,,,,,,,,,,,,,,,,,,,,,,,,,,,,,,,,,,,,,,,,,,,,,,,,,,,,,,,,,,,,,,,,,,,,,,,,,,,,,,,,,,,,,,,,,,,,,,,,,,,,,,,,,,,,,,,,,,,,,,,,,,,,,,,,,,,,,,,,,,,,,,,,,,,,,
College Place,"8,975",333,50,255,28,44,6,36,2,NA,NA,NA,NA,1,5,3,NA,NA,2,NA,NA,NA,1,NA,31,3,6,1,2,15,NA,9,4,NA,2,169,NA,NA,16,8,NA,51,NA,94,15,1,11,24,15,9,NA,NA,NA,NA,NA,1,NA,NA,NA,3,,,,,,,,,,,,,,,,,,,,,,,,,,,,,,,,,,,,,,,,,,,,,,,,,,,,,,,,,,,,,,,,,,,,,,,,,,,,,,,,,,,,,,,,,,,,,,,,,,,,,,,,,,,,,,,,,,,,,,,,,,,,,,,,,,,,,,,,,,,,,,,,,,,,,,,,,,,,,,,,,,,,,,,,,,,,,,,,,,,,,,,
Colville,"4,715",191,36,153,2,36,1,31,4,NA,NA,NA,NA,NA,NA,NA,NA,NA,NA,NA,NA,NA,NA,NA,11,2,13,NA,NA,1,NA,NA,1,NA,NA,122,NA,NA,69,7,NA,16,NA,30,3,NA,1,2,1,1,NA,NA,NA,NA,NA,NA,NA,NA,NA,NA,,,,,,,,,,,,,,,,,,,,,,,,,,,,,,,,,,,,,,,,,,,,,,,,,,,,,,,,,,,,,,,,,,,,,,,,,,,,,,,,,,,,,,,,,,,,,,,,,,,,,,,,,,,,,,,,,,,,,,,,,,,,,,,,,,,,,,,,,,,,,,,,,,,,,,,,,,,,,,,,,,,,,,,,,,,,,,,,,,,,,,,
Connell,"5,328",186,54,101,31,48,3,42,3,NA,NA,NA,NA,2,4,1,1,NA,2,NA,NA,NA,NA,NA,14,1,51,NA,NA,6,3,1,2,NA,NA,24,NA,NA,3,3,NA,NA,NA,18,2,2,1,23,12,11,NA,NA,NA,NA,NA,1,NA,NA,NA,7,,,,,,,,,,,,,,,,,,,,,,,,,,,,,,,,,,,,,,,,,,,,,,,,,,,,,,,,,,,,,,,,,,,,,,,,,,,,,,,,,,,,,,,,,,,,,,,,,,,,,,,,,,,,,,,,,,,,,,,,,,,,,,,,,,,,,,,,,,,,,,,,,,,,,,,,,,,,,,,,,,,,,,,,,,,,,,,,,,,,,,,
Coulee Dam,"1,118",56,17,25,14,16,2,14,NA,NA,NA,NA,NA,NA,1,1,NA,NA,NA,NA,NA,NA,NA,NA,6,1,5,NA,NA,2,1,1,NA,NA,NA,8,NA,NA,2,1,NA,NA,NA,5,2,1,NA,13,11,2,NA,NA,NA,NA,NA,NA,NA,NA,NA,1,,,,,,,,,,,,,,,,,,,,,,,,,,,,,,,,,,,,,,,,,,,,,,,,,,,,,,,,,,,,,,,,,,,,,,,,,,,,,,,,,,,,,,,,,,,,,,,,,,,,,,,,,,,,,,,,,,,,,,,,,,,,,,,,,,,,,,,,,,,,,,,,,,,,,,,,,,,,,,,,,,,,,,,,,,,,,,,,,,,,,,,
Coupeville,"1,860",89,24,59,6,22,NA,13,9,NA,NA,NA,NA,NA,2,2,NA,NA,NA,NA,NA,NA,NA,NA,18,5,14,NA,NA,4,NA,4,NA,NA,NA,17,NA,NA,1,1,NA,5,NA,10,1,NA,NA,5,4,1,NA,NA,NA,NA,NA,NA,NA,NA,NA,1,,,,,,,,,,,,,,,,,,,,,,,,,,,,,,,,,,,,,,,,,,,,,,,,,,,,,,,,,,,,,,,,,,,,,,,,,,,,,,,,,,,,,,,,,,,,,,,,,,,,,,,,,,,,,,,,,,,,,,,,,,,,,,,,,,,,,,,,,,,,,,,,,,,,,,,,,,,,,,,,,,,,,,,,,,,,,,,,,,,,,,,
Dupont,"8,379",232,41,161,30,37,11,26,NA,NA,NA,NA,NA,NA,1,NA,NA,NA,1,3,NA,3,NA,NA,19,1,64,NA,NA,24,3,6,15,NA,NA,46,1,NA,NA,2,NA,19,1,23,2,1,4,25,16,9,NA,NA,NA,NA,NA,NA,NA,NA,NA,5,,,,,,,,,,,,,,,,,,,,,,,,,,,,,,,,,,,,,,,,,,,,,,,,,,,,,,,,,,,,,,,,,,,,,,,,,,,,,,,,,,,,,,,,,,,,,,,,,,,,,,,,,,,,,,,,,,,,,,,,,,,,,,,,,,,,,,,,,,,,,,,,,,,,,,,,,,,,,,,,,,,,,,,,,,,,,,,,,,,,,,,
East Wenatchee,"13,506",819,139,570,110,116,9,107,NA,1,1,NA,NA,NA,15,7,1,NA,7,7,NA,7,1,NA,75,18,123,1,NA,27,6,13,8,NA,NA,306,NA,2,105,7,NA,54,20,118,10,4,5,106,70,36,NA,NA,NA,NA,NA,NA,NA,NA,NA,4,,,,,,,,,,,,,,,,,,,,,,,,,,,,,,,,,,,,,,,,,,,,,,,,,,,,,,,,,,,,,,,,,,,,,,,,,,,,,,,,,,,,,,,,,,,,,,,,,,,,,,,,,,,,,,,,,,,,,,,,,,,,,,,,,,,,,,,,,,,,,,,,,,,,,,,,,,,,,,,,,,,,,,,,,,,,,,,,,,,,,,,
Eatonville,"2,818",144,24,103,17,22,4,14,4,NA,NA,NA,NA,NA,2,1,NA,NA,1,NA,NA,NA,NA,NA,19,NA,17,1,NA,11,2,9,NA,NA,NA,53,NA,NA,5,13,NA,20,4,11,2,NA,NA,16,10,6,NA,NA,NA,NA,NA,1,NA,NA,NA,NA,,,,,,,,,,,,,,,,,,,,,,,,,,,,,,,,,,,,,,,,,,,,,,,,,,,,,,,,,,,,,,,,,,,,,,,,,,,,,,,,,,,,,,,,,,,,,,,,,,,,,,,,,,,,,,,,,,,,,,,,,,,,,,,,,,,,,,,,,,,,,,,,,,,,,,,,,,,,,,,,,,,,,,,,,,,,,,,,,,,,,,,
Edgewood,"9,592",623,43,571,9,41,11,28,2,NA,NA,NA,NA,NA,2,1,NA,NA,1,NA,NA,NA,NA,NA,145,10,133,NA,NA,47,12,22,12,NA,1,189,NA,NA,1,11,NA,83,NA,94,23,1,23,7,6,1,NA,NA,NA,NA,NA,1,NA,NA,NA,1,,,,,,,,,,,,,,,,,,,,,,,,,,,,,,,,,,,,,,,,,,,,,,,,,,,,,,,,,,,,,,,,,,,,,,,,,,,,,,,,,,,,,,,,,,,,,,,,,,,,,,,,,,,,,,,,,,,,,,,,,,,,,,,,,,,,,,,,,,,,,,,,,,,,,,,,,,,,,,,,,,,,,,,,,,,,,,,,,,,,,,,
Ellensburg,"18,649","1,803",238,"1,378",187,223,17,197,9,NA,NA,NA,NA,1,12,9,NA,NA,3,2,NA,2,5,NA,122,13,361,NA,1,54,NA,28,24,NA,2,735,NA,18,70,31,NA,192,15,409,43,4,40,170,109,61,NA,NA,NA,NA,NA,1,NA,NA,NA,16,,,,,,,,,,,,,,,,,,,,,,,,,,,,,,,,,,,,,,,,,,,,,,,,,,,,,,,,,,,,,,,,,,,,,,,,,,,,,,,,,,,,,,,,,,,,,,,,,,,,,,,,,,,,,,,,,,,,,,,,,,,,,,,,,,,,,,,,,,,,,,,,,,,,,,,,,,,,,,,,,,,,,,,,,,,,,,,,,,,,,,,
Elma,"3,125",391,56,277,58,53,3,32,18,NA,NA,NA,NA,NA,3,2,NA,NA,1,NA,NA,NA,1,NA,39,2,39,NA,NA,13,7,4,2,NA,NA,169,NA,NA,16,11,NA,27,51,64,8,2,4,54,31,23,NA,NA,NA,NA,NA,NA,NA,NA,NA,4,,,,,,,,,,,,,,,,,,,,,,,,,,,,,,,,,,,,,,,,,,,,,,,,,,,,,,,,,,,,,,,,,,,,,,,,,,,,,,,,,,,,,,,,,,,,,,,,,,,,,,,,,,,,,,,,,,,,,,,,,,,,,,,,,,,,,,,,,,,,,,,,,,,,,,,,,,,,,,,,,,,,,,,,,,,,,,,,,,,,,,,
Ephrata,"7,919",682,118,498,66,97,8,88,1,1,1,NA,NA,6,14,3,2,NA,9,NA,NA,NA,1,1,96,3,66,NA,NA,20,12,8,NA,NA,NA,288,NA,NA,74,43,NA,50,1,120,9,6,8,64,48,16,NA,NA,NA,NA,NA,NA,NA,NA,NA,2,,,,,,,,,,,,,,,,,,,,,,,,,,,,,,,,,,,,,,,,,,,,,,,,,,,,,,,,,,,,,,,,,,,,,,,,,,,,,,,,,,,,,,,,,,,,,,,,,,,,,,,,,,,,,,,,,,,,,,,,,,,,,,,,,,,,,,,,,,,,,,,,,,,,,,,,,,,,,,,,,,,,,,,,,,,,,,,,,,,,,,,
Everson,"2,538",84,28,48,8,25,1,22,2,NA,NA,NA,NA,NA,2,2,NA,NA,NA,1,NA,1,NA,NA,4,NA,16,NA,NA,NA,NA,NA,NA,NA,NA,26,NA,NA,1,1,NA,9,1,14,1,NA,1,8,8,NA,NA,NA,NA,NA,NA,NA,NA,NA,NA,NA,,,,,,,,,,,,,,,,,,,,,,,,,,,,,,,,,,,,,,,,,,,,,,,,,,,,,,,,,,,,,,,,,,,,,,,,,,,,,,,,,,,,,,,,,,,,,,,,,,,,,,,,,,,,,,,,,,,,,,,,,,,,,,,,,,,,,,,,,,,,,,,,,,,,,,,,,,,,,,,,,,,,,,,,,,,,,,,,,,,,,,,
Federal Way,"91,978","9,162","1,124","7,460",578,951,152,764,35,4,3,NA,1,25,140,43,3,3,91,4,1,3,9,NA,933,135,"1,463",3,4,475,233,140,83,2,17,"3,417",6,83,"1,012",275,8,"1,121",99,813,806,107,108,483,271,212,NA,NA,NA,NA,NA,3,12,12,NA,80,,,,,,,,,,,,,,,,,,,,,,,,,,,,,,,,,,,,,,,,,,,,,,,,,,,,,,,,,,,,,,,,,,,,,,,,,,,,,,,,,,,,,,,,,,,,,,,,,,,,,,,,,,,,,,,,,,,,,,,,,,,,,,,,,,,,,,,,,,,,,,,,,,,,,,,,,,,,,,,,,,,,,,,,,,,,,,,,,,,,,,,
Ferndale,"11,677",865,117,657,91,108,11,60,37,NA,NA,NA,NA,3,6,3,NA,NA,3,NA,NA,NA,3,NA,79,21,174,NA,NA,12,2,5,5,NA,NA,328,NA,NA,66,NA,NA,NA,NA,262,18,2,20,78,53,25,NA,NA,NA,NA,NA,NA,NA,NA,NA,13,,,,,,,,,,,,,,,,,,,,,,,,,,,,,,,,,,,,,,,,,,,,,,,,,,,,,,,,,,,,,,,,,,,,,,,,,,,,,,,,,,,,,,,,,,,,,,,,,,,,,,,,,,,,,,,,,,,,,,,,,,,,,,,,,,,,,,,,,,,,,,,,,,,,,,,,,,,,,,,,,,,,,,,,,,,,,,,,,,,,,,,
Fircrest,"6,637",328,55,257,16,52,5,47,NA,NA,NA,NA,NA,1,2,NA,NA,NA,2,NA,NA,NA,1,NA,49,7,67,NA,NA,30,5,10,15,NA,NA,83,2,1,4,5,NA,34,2,35,12,2,6,13,10,3,NA,NA,NA,NA,NA,NA,NA,NA,NA,3,,,,,,,,,,,,,,,,,,,,,,,,,,,,,,,,,,,,,,,,,,,,,,,,,,,,,,,,,,,,,,,,,,,,,,,,,,,,,,,,,,,,,,,,,,,,,,,,,,,,,,,,,,,,,,,,,,,,,,,,,,,,,,,,,,,,,,,,,,,,,,,,,,,,,,,,,,,,,,,,,,,,,,,,,,,,,,,,,,,,,,,
Forks,"3,587",252,57,164,31,46,3,40,3,1,1,NA,NA,NA,7,1,NA,NA,6,3,2,1,1,NA,35,1,31,NA,NA,2,NA,2,NA,NA,NA,81,NA,NA,20,13,NA,3,9,36,8,NA,5,28,13,15,NA,NA,NA,NA,NA,NA,NA,NA,NA,3,,,,,,,,,,,,,,,,,,,,,,,,,,,,,,,,,,,,,,,,,,,,,,,,,,,,,,,,,,,,,,,,,,,,,,,,,,,,,,,,,,,,,,,,,,,,,,,,,,,,,,,,,,,,,,,,,,,,,,,,,,,,,,,,,,,,,,,,,,,,,,,,,,,,,,,,,,,,,,,,,,,,,,,,,,,,,,,,,,,,,,,
Gig Harbor,"7,279",810,92,665,53,85,15,67,3,NA,NA,NA,NA,4,3,2,NA,NA,1,NA,NA,NA,6,NA,75,20,122,NA,NA,58,10,18,29,NA,1,346,4,2,81,28,1,120,7,103,25,1,12,50,42,8,NA,NA,NA,NA,NA,NA,NA,NA,NA,3,,,,,,,,,,,,,,,,,,,,,,,,,,,,,,,,,,,,,,,,,,,,,,,,,,,,,,,,,,,,,,,,,,,,,,,,,,,,,,,,,,,,,,,,,,,,,,,,,,,,,,,,,,,,,,,,,,,,,,,,,,,,,,,,,,,,,,,,,,,,,,,,,,,,,,,,,,,,,,,,,,,,,,,,,,,,,,,,,,,,,,,
Goldendale,"3,505",340,66,254,20,64,11,53,NA,NA,NA,NA,NA,NA,2,2,NA,NA,NA,NA,NA,NA,NA,NA,36,NA,81,1,NA,1,NA,1,NA,NA,NA,124,NA,NA,17,2,2,28,4,71,10,1,NA,20,20,NA,NA,NA,NA,NA,NA,NA,NA,NA,NA,NA,,,,,,,,,,,,,,,,,,,,,,,,,,,,,,,,,,,,,,,,,,,,,,,,,,,,,,,,,,,,,,,,,,,,,,,,,,,,,,,,,,,,,,,,,,,,,,,,,,,,,,,,,,,,,,,,,,,,,,,,,,,,,,,,,,,,,,,,,,,,,,,,,,,,,,,,,,,,,,,,,,,,,,,,,,,,,,,,,,,,,,,
Grand Coulee,"1,054",153,42,98,13,39,7,32,NA,NA,NA,NA,NA,2,1,1,NA,NA,NA,NA,NA,NA,NA,NA,30,NA,15,NA,NA,1,NA,1,NA,NA,NA,39,NA,NA,NA,20,NA,10,4,5,11,NA,2,13,12,1,NA,NA,NA,NA,NA,NA,NA,NA,NA,NA,,,,,,,,,,,,,,,,,,,,,,,,,,,,,,,,,,,,,,,,,,,,,,,,,,,,,,,,,,,,,,,,,,,,,,,,,,,,,,,,,,,,,,,,,,,,,,,,,,,,,,,,,,,,,,,,,,,,,,,,,,,,,,,,,,,,,,,,,,,,,,,,,,,,,,,,,,,,,,,,,,,,,,,,,,,,,,,,,,,,,,,
Grandview,"11,147",713,147,462,104,139,28,90,21,1,1,NA,NA,NA,7,1,NA,NA,6,NA,NA,NA,3,1,105,16,115,NA,NA,29,16,2,11,NA,NA,150,NA,3,10,3,2,52,2,78,36,3,4,89,58,31,NA,NA,NA,NA,NA,NA,NA,NA,NA,15,,,,,,,,,,,,,,,,,,,,,,,,,,,,,,,,,,,,,,,,,,,,,,,,,,,,,,,,,,,,,,,,,,,,,,,,,,,,,,,,,,,,,,,,,,,,,,,,,,,,,,,,,,,,,,,,,,,,,,,,,,,,,,,,,,,,,,,,,,,,,,,,,,,,,,,,,,,,,,,,,,,,,,,,,,,,,,,,,,,,,,,
Granger,"3,330",220,42,158,20,38,4,27,7,NA,NA,NA,NA,NA,3,NA,NA,NA,3,1,NA,1,NA,NA,22,1,60,NA,NA,11,8,3,NA,NA,NA,48,1,1,9,2,NA,4,1,30,15,1,NA,8,5,3,NA,NA,NA,NA,NA,NA,NA,NA,NA,12,,,,,,,,,,,,,,,,,,,,,,,,,,,,,,,,,,,,,,,,,,,,,,,,,,,,,,,,,,,,,,,,,,,,,,,,,,,,,,,,,,,,,,,,,,,,,,,,,,,,,,,,,,,,,,,,,,,,,,,,,,,,,,,,,,,,,,,,,,,,,,,,,,,,,,,,,,,,,,,,,,,,,,,,,,,,,,,,,,,,,,,
Issaquah,"31,341","1,425",155,"1,136",134,146,11,120,15,NA,NA,NA,NA,1,8,2,NA,NA,6,NA,NA,NA,4,NA,90,15,283,1,NA,68,51,1,16,NA,NA,619,4,8,136,70,3,199,11,188,38,6,12,126,74,52,NA,NA,NA,NA,NA,NA,NA,NA,NA,8,,,,,,,,,,,,,,,,,,,,,,,,,,,,,,,,,,,,,,,,,,,,,,,,,,,,,,,,,,,,,,,,,,,,,,,,,,,,,,,,,,,,,,,,,,,,,,,,,,,,,,,,,,,,,,,,,,,,,,,,,,,,,,,,,,,,,,,,,,,,,,,,,,,,,,,,,,,,,,,,,,,,,,,,,,,,,,,,,,,,,,,
Kalama,"2,369",145,30,77,38,25,4,16,5,NA,NA,NA,NA,NA,5,NA,1,1,3,NA,NA,NA,1,NA,10,3,21,NA,1,2,1,NA,1,NA,NA,32,NA,NA,2,6,NA,8,NA,16,5,NA,2,37,30,7,NA,NA,NA,NA,NA,NA,NA,NA,NA,1,,,,,,,,,,,,,,,,,,,,,,,,,,,,,,,,,,,,,,,,,,,,,,,,,,,,,,,,,,,,,,,,,,,,,,,,,,,,,,,,,,,,,,,,,,,,,,,,,,,,,,,,,,,,,,,,,,,,,,,,,,,,,,,,,,,,,,,,,,,,,,,,,,,,,,,,,,,,,,,,,,,,,,,,,,,,,,,,,,,,,,,
Kelso,"12,051","1,401",305,978,118,294,29,237,28,NA,NA,NA,NA,NA,10,6,NA,NA,4,1,NA,1,3,NA,135,21,200,NA,NA,24,5,15,3,1,NA,558,2,NA,121,64,1,132,2,236,22,7,8,105,88,17,NA,NA,NA,NA,NA,NA,NA,NA,NA,13,,,,,,,,,,,,,,,,,,,,,,,,,,,,,,,,,,,,,,,,,,,,,,,,,,,,,,,,,,,,,,,,,,,,,,,,,,,,,,,,,,,,,,,,,,,,,,,,,,,,,,,,,,,,,,,,,,,,,,,,,,,,,,,,,,,,,,,,,,,,,,,,,,,,,,,,,,,,,,,,,,,,,,,,,,,,,,,,,,,,,,,
Kennewick,"76,971","6,067","1,166","4,078",823,"1,037",160,739,138,1,1,NA,NA,18,107,33,2,1,71,3,NA,3,19,NA,450,66,"1,161",NA,1,307,187,65,51,NA,4,"1,829",1,2,571,68,2,377,16,792,128,35,82,712,442,270,NA,NA,NA,NA,NA,6,2,2,NA,103,,,,,,,,,,,,,,,,,,,,,,,,,,,,,,,,,,,,,,,,,,,,,,,,,,,,,,,,,,,,,,,,,,,,,,,,,,,,,,,,,,,,,,,,,,,,,,,,,,,,,,,,,,,,,,,,,,,,,,,,,,,,,,,,,,,,,,,,,,,,,,,,,,,,,,,,,,,,,,,,,,,,,,,,,,,,,,,,,,,,,,,
Kettle Falls,"1,609",106,28,70,8,28,3,25,NA,NA,NA,NA,NA,NA,NA,NA,NA,NA,NA,NA,NA,NA,NA,NA,8,1,11,NA,NA,NA,NA,NA,NA,NA,NA,47,NA,NA,7,NA,NA,6,NA,34,2,NA,1,3,3,NA,NA,NA,NA,NA,NA,1,NA,NA,NA,4,,,,,,,,,,,,,,,,,,,,,,,,,,,,,,,,,,,,,,,,,,,,,,,,,,,,,,,,,,,,,,,,,,,,,,,,,,,,,,,,,,,,,,,,,,,,,,,,,,,,,,,,,,,,,,,,,,,,,,,,,,,,,,,,,,,,,,,,,,,,,,,,,,,,,,,,,,,,,,,,,,,,,,,,,,,,,,,,,,,,,,,
Kirkland,"50,243","3,903",557,"3,074",272,527,56,326,145,NA,NA,NA,NA,4,25,14,5,NA,6,1,NA,1,8,NA,333,54,708,3,1,61,28,23,10,NA,NA,"1,744",26,21,112,221,4,360,78,922,92,24,46,235,159,76,NA,NA,NA,NA,NA,3,1,NA,1,33,,,,,,,,,,,,,,,,,,,,,,,,,,,,,,,,,,,,,,,,,,,,,,,,,,,,,,,,,,,,,,,,,,,,,,,,,,,,,,,,,,,,,,,,,,,,,,,,,,,,,,,,,,,,,,,,,,,,,,,,,,,,,,,,,,,,,,,,,,,,,,,,,,,,,,,,,,,,,,,,,,,,,,,,,,,,,,,,,,,,,,,
La Center,"2,880",109,18,78,13,16,NA,14,2,NA,NA,NA,NA,NA,1,NA,NA,NA,1,1,NA,1,NA,NA,7,1,24,NA,NA,8,NA,8,NA,NA,NA,33,NA,NA,1,19,NA,9,NA,4,4,NA,1,13,11,2,NA,NA,NA,NA,NA,NA,NA,NA,NA,NA,,,,,,,,,,,,,,,,,,,,,,,,,,,,,,,,,,,,,,,,,,,,,,,,,,,,,,,,,,,,,,,,,,,,,,,,,,,,,,,,,,,,,,,,,,,,,,,,,,,,,,,,,,,,,,,,,,,,,,,,,,,,,,,,,,,,,,,,,,,,,,,,,,,,,,,,,,,,,,,,,,,,,,,,,,,,,,,,,,,,,,,
Lake Forest Park,"12,975",544,49,471,24,44,4,30,10,NA,NA,NA,NA,1,4,2,NA,NA,2,NA,NA,NA,NA,NA,93,4,146,NA,NA,20,16,2,2,NA,NA,194,1,2,30,16,NA,11,56,78,9,2,3,22,15,7,NA,NA,NA,NA,NA,NA,NA,NA,NA,2,,,,,,,,,,,,,,,,,,,,,,,,,,,,,,,,,,,,,,,,,,,,,,,,,,,,,,,,,,,,,,,,,,,,,,,,,,,,,,,,,,,,,,,,,,,,,,,,,,,,,,,,,,,,,,,,,,,,,,,,,,,,,,,,,,,,,,,,,,,,,,,,,,,,,,,,,,,,,,,,,,,,,,,,,,,,,,,,,,,,,,,
Lakewood,"59,416","6,930","1,507","4,665",758,"1,341",319,"1,013",9,2,1,1,NA,37,114,40,4,NA,70,13,NA,13,13,NA,714,115,"1,080",NA,5,228,23,114,86,2,3,"2,073",8,2,539,109,8,658,41,708,213,108,116,583,408,175,NA,NA,NA,NA,NA,11,65,53,12,99,,,,,,,,,,,,,,,,,,,,,,,,,,,,,,,,,,,,,,,,,,,,,,,,,,,,,,,,,,,,,,,,,,,,,,,,,,,,,,,,,,,,,,,,,,,,,,,,,,,,,,,,,,,,,,,,,,,,,,,,,,,,,,,,,,,,,,,,,,,,,,,,,,,,,,,,,,,,,,,,,,,,,,,,,,,,,,,,,,,,,,,
Liberty Lake,"7,709",165,33,123,9,32,2,25,5,NA,NA,NA,NA,NA,1,1,NA,NA,NA,NA,NA,NA,NA,NA,23,3,9,1,NA,12,5,5,1,NA,1,69,NA,NA,10,15,2,33,2,7,5,1,NA,9,8,1,NA,NA,NA,NA,NA,NA,NA,NA,NA,NA,,,,,,,,,,,,,,,,,,,,,,,,,,,,,,,,,,,,,,,,,,,,,,,,,,,,,,,,,,,,,,,,,,,,,,,,,,,,,,,,,,,,,,,,,,,,,,,,,,,,,,,,,,,,,,,,,,,,,,,,,,,,,,,,,,,,,,,,,,,,,,,,,,,,,,,,,,,,,,,,,,,,,,,,,,,,,,,,,,,,,,,
Long Beach,"1,407",90,20,66,4,19,1,18,NA,NA,NA,NA,NA,NA,1,NA,NA,NA,1,NA,NA,NA,NA,NA,23,3,4,NA,NA,NA,NA,NA,NA,NA,NA,34,NA,2,3,15,NA,12,NA,2,2,NA,NA,3,3,NA,NA,NA,NA,NA,NA,NA,NA,NA,NA,1,,,,,,,,,,,,,,,,,,,,,,,,,,,,,,,,,,,,,,,,,,,,,,,,,,,,,,,,,,,,,,,,,,,,,,,,,,,,,,,,,,,,,,,,,,,,,,,,,,,,,,,,,,,,,,,,,,,,,,,,,,,,,,,,,,,,,,,,,,,,,,,,,,,,,,,,,,,,,,,,,,,,,,,,,,,,,,,,,,,,,,,
Longview,"37,032","4,512",779,"3,245",488,735,74,532,129,1,1,NA,NA,5,37,26,2,NA,9,1,NA,1,37,NA,456,48,678,1,1,136,52,31,51,NA,2,"1,644",1,NA,459,147,2,421,40,574,142,55,47,419,381,38,NA,NA,NA,NA,NA,7,4,4,NA,58,,,,,,,,,,,,,,,,,,,,,,,,,,,,,,,,,,,,,,,,,,,,,,,,,,,,,,,,,,,,,,,,,,,,,,,,,,,,,,,,,,,,,,,,,,,,,,,,,,,,,,,,,,,,,,,,,,,,,,,,,,,,,,,,,,,,,,,,,,,,,,,,,,,,,,,,,,,,,,,,,,,,,,,,,,,,,,,,,,,,,,,
Lynden,"12,223",490,79,301,110,72,5,48,19,1,1,NA,NA,4,2,2,NA,NA,NA,NA,NA,NA,1,NA,30,10,66,NA,NA,29,21,NA,8,NA,NA,158,NA,1,34,31,NA,23,6,63,2,1,4,106,66,40,NA,NA,NA,NA,NA,NA,NA,NA,NA,4,,,,,,,,,,,,,,,,,,,,,,,,,,,,,,,,,,,,,,,,,,,,,,,,,,,,,,,,,,,,,,,,,,,,,,,,,,,,,,,,,,,,,,,,,,,,,,,,,,,,,,,,,,,,,,,,,,,,,,,,,,,,,,,,,,,,,,,,,,,,,,,,,,,,,,,,,,,,,,,,,,,,,,,,,,,,,,,,,,,,,,,
Medina,"3,059",82,3,75,4,3,NA,2,1,NA,NA,NA,NA,NA,NA,NA,NA,NA,NA,NA,NA,NA,NA,NA,12,1,17,NA,NA,2,1,1,NA,NA,NA,39,NA,NA,NA,4,NA,8,NA,27,4,NA,NA,4,3,1,NA,NA,NA,NA,NA,NA,NA,NA,NA,NA,,,,,,,,,,,,,,,,,,,,,,,,,,,,,,,,,,,,,,,,,,,,,,,,,,,,,,,,,,,,,,,,,,,,,,,,,,,,,,,,,,,,,,,,,,,,,,,,,,,,,,,,,,,,,,,,,,,,,,,,,,,,,,,,,,,,,,,,,,,,,,,,,,,,,,,,,,,,,,,,,,,,,,,,,,,,,,,,,,,,,,,
Mill Creek,"18,661",758,103,527,128,96,23,70,3,2,2,NA,NA,2,3,2,NA,NA,1,NA,NA,NA,5,NA,62,17,68,NA,NA,60,1,13,46,NA,NA,271,NA,NA,7,149,NA,89,3,23,27,7,10,114,74,40,NA,NA,NA,NA,NA,2,NA,NA,NA,12,,,,,,,,,,,,,,,,,,,,,,,,,,,,,,,,,,,,,,,,,,,,,,,,,,,,,,,,,,,,,,,,,,,,,,,,,,,,,,,,,,,,,,,,,,,,,,,,,,,,,,,,,,,,,,,,,,,,,,,,,,,,,,,,,,,,,,,,,,,,,,,,,,,,,,,,,,,,,,,,,,,,,,,,,,,,,,,,,,,,,,,
Monroe,"17,665","1,058",203,679,176,181,47,127,7,2,1,1,NA,1,9,2,1,NA,6,10,1,9,2,1,99,24,119,1,NA,31,3,21,7,NA,NA,341,NA,NA,63,76,1,109,7,85,34,5,22,165,106,59,NA,NA,NA,NA,NA,1,NA,NA,NA,10,,,,,,,,,,,,,,,,,,,,,,,,,,,,,,,,,,,,,,,,,,,,,,,,,,,,,,,,,,,,,,,,,,,,,,,,,,,,,,,,,,,,,,,,,,,,,,,,,,,,,,,,,,,,,,,,,,,,,,,,,,,,,,,,,,,,,,,,,,,,,,,,,,,,,,,,,,,,,,,,,,,,,,,,,,,,,,,,,,,,,,,
Montesano,"4,001",153,25,110,18,22,1,20,1,NA,NA,NA,NA,NA,3,NA,NA,NA,3,NA,NA,NA,NA,NA,8,6,20,NA,NA,8,NA,7,1,NA,NA,65,NA,1,8,8,NA,20,2,26,2,1,NA,16,9,7,NA,NA,NA,NA,NA,1,NA,NA,NA,1,,,,,,,,,,,,,,,,,,,,,,,,,,,,,,,,,,,,,,,,,,,,,,,,,,,,,,,,,,,,,,,,,,,,,,,,,,,,,,,,,,,,,,,,,,,,,,,,,,,,,,,,,,,,,,,,,,,,,,,,,,,,,,,,,,,,,,,,,,,,,,,,,,,,,,,,,,,,,,,,,,,,,,,,,,,,,,,,,,,,,,,
Morton,"1,143",31,10,17,4,10,4,6,NA,NA,NA,NA,NA,NA,NA,NA,NA,NA,NA,NA,NA,NA,NA,NA,NA,2,4,NA,NA,NA,NA,NA,NA,NA,NA,10,NA,NA,NA,2,NA,3,NA,5,1,NA,NA,2,2,NA,NA,NA,NA,NA,NA,NA,1,1,NA,1,,,,,,,,,,,,,,,,,,,,,,,,,,,,,,,,,,,,,,,,,,,,,,,,,,,,,,,,,,,,,,,,,,,,,,,,,,,,,,,,,,,,,,,,,,,,,,,,,,,,,,,,,,,,,,,,,,,,,,,,,,,,,,,,,,,,,,,,,,,,,,,,,,,,,,,,,,,,,,,,,,,,,,,,,,,,,,,,,,,,,,,
Mountlake Terrace,"20,363","1,209",191,884,134,168,24,125,19,NA,NA,NA,NA,1,21,8,1,NA,12,1,1,NA,7,NA,136,25,212,2,NA,54,5,22,14,NA,13,374,1,NA,20,85,4,171,3,90,53,11,10,132,83,49,NA,NA,NA,NA,NA,NA,NA,NA,NA,2,,,,,,,,,,,,,,,,,,,,,,,,,,,,,,,,,,,,,,,,,,,,,,,,,,,,,,,,,,,,,,,,,,,,,,,,,,,,,,,,,,,,,,,,,,,,,,,,,,,,,,,,,,,,,,,,,,,,,,,,,,,,,,,,,,,,,,,,,,,,,,,,,,,,,,,,,,,,,,,,,,,,,,,,,,,,,,,,,,,,,,,
Mount Vernon,"32,384","3,397",553,"2,383",461,525,46,381,98,1,1,NA,NA,2,21,14,1,NA,6,4,2,2,10,NA,316,23,690,1,NA,39,4,14,19,NA,2,"1,168",NA,6,440,96,1,249,10,366,87,22,27,363,211,152,NA,NA,NA,NA,NA,5,6,6,NA,87,,,,,,,,,,,,,,,,,,,,,,,,,,,,,,,,,,,,,,,,,,,,,,,,,,,,,,,,,,,,,,,,,,,,,,,,,,,,,,,,,,,,,,,,,,,,,,,,,,,,,,,,,,,,,,,,,,,,,,,,,,,,,,,,,,,,,,,,,,,,,,,,,,,,,,,,,,,,,,,,,,,,,,,,,,,,,,,,,,,,,,,
Moxee,"3,394",75,17,37,21,13,1,12,NA,1,1,NA,NA,NA,2,1,NA,NA,1,1,1,NA,NA,NA,1,NA,13,NA,NA,8,3,4,1,NA,NA,13,NA,NA,NA,4,NA,4,NA,5,2,NA,NA,21,17,4,NA,NA,NA,NA,NA,NA,NA,NA,NA,NA,,,,,,,,,,,,,,,,,,,,,,,,,,,,,,,,,,,,,,,,,,,,,,,,,,,,,,,,,,,,,,,,,,,,,,,,,,,,,,,,,,,,,,,,,,,,,,,,,,,,,,,,,,,,,,,,,,,,,,,,,,,,,,,,,,,,,,,,,,,,,,,,,,,,,,,,,,,,,,,,,,,,,,,,,,,,,,,,,,,,,,,
Normandy Park,"6,524",260,33,220,7,29,7,22,NA,NA,NA,NA,NA,1,2,NA,NA,NA,2,1,NA,1,NA,NA,47,1,4,1,NA,4,1,1,1,1,NA,148,NA,1,19,14,1,81,NA,32,12,2,1,7,7,NA,NA,NA,NA,NA,NA,NA,NA,NA,NA,NA,,,,,,,,,,,,,,,,,,,,,,,,,,,,,,,,,,,,,,,,,,,,,,,,,,,,,,,,,,,,,,,,,,,,,,,,,,,,,,,,,,,,,,,,,,,,,,,,,,,,,,,,,,,,,,,,,,,,,,,,,,,,,,,,,,,,,,,,,,,,,,,,,,,,,,,,,,,,,,,,,,,,,,,,,,,,,,,,,,,,,,,
Oak Harbor,"22,457","1,442",300,976,166,283,28,227,28,NA,NA,NA,NA,NA,17,7,2,NA,8,NA,NA,NA,5,NA,165,7,215,1,NA,54,21,33,NA,NA,NA,485,NA,1,116,32,NA,104,39,193,33,3,8,146,96,50,NA,NA,NA,NA,NA,2,1,1,NA,17,,,,,,,,,,,,,,,,,,,,,,,,,,,,,,,,,,,,,,,,,,,,,,,,,,,,,,,,,,,,,,,,,,,,,,,,,,,,,,,,,,,,,,,,,,,,,,,,,,,,,,,,,,,,,,,,,,,,,,,,,,,,,,,,,,,,,,,,,,,,,,,,,,,,,,,,,,,,,,,,,,,,,,,,,,,,,,,,,,,,,,,
Omak,"4,929",482,108,324,50,105,23,78,4,NA,NA,NA,NA,NA,2,2,NA,NA,NA,1,NA,1,2,NA,43,2,115,1,NA,2,1,NA,NA,NA,1,139,NA,1,58,14,NA,26,7,33,15,4,1,46,42,4,NA,NA,NA,NA,NA,NA,NA,NA,NA,4,,,,,,,,,,,,,,,,,,,,,,,,,,,,,,,,,,,,,,,,,,,,,,,,,,,,,,,,,,,,,,,,,,,,,,,,,,,,,,,,,,,,,,,,,,,,,,,,,,,,,,,,,,,,,,,,,,,,,,,,,,,,,,,,,,,,,,,,,,,,,,,,,,,,,,,,,,,,,,,,,,,,,,,,,,,,,,,,,,,,,,,
Oroville,"1,715",128,21,98,9,20,1,17,2,NA,NA,NA,NA,NA,1,1,NA,NA,NA,NA,NA,NA,NA,NA,20,NA,20,NA,NA,NA,NA,NA,NA,NA,NA,57,NA,NA,8,6,NA,12,1,30,1,NA,NA,9,9,NA,NA,NA,NA,NA,NA,NA,NA,NA,NA,NA,,,,,,,,,,,,,,,,,,,,,,,,,,,,,,,,,,,,,,,,,,,,,,,,,,,,,,,,,,,,,,,,,,,,,,,,,,,,,,,,,,,,,,,,,,,,,,,,,,,,,,,,,,,,,,,,,,,,,,,,,,,,,,,,,,,,,,,,,,,,,,,,,,,,,,,,,,,,,,,,,,,,,,,,,,,,,,,,,,,,,,,
Orting,"6,890",419,56,334,29,56,3,52,1,NA,NA,NA,NA,NA,NA,NA,NA,NA,NA,NA,NA,NA,2,NA,67,1,71,1,NA,15,NA,10,4,NA,1,162,NA,NA,9,38,NA,55,NA,60,9,2,4,28,18,10,NA,NA,NA,NA,NA,NA,NA,NA,NA,1,,,,,,,,,,,,,,,,,,,,,,,,,,,,,,,,,,,,,,,,,,,,,,,,,,,,,,,,,,,,,,,,,,,,,,,,,,,,,,,,,,,,,,,,,,,,,,,,,,,,,,,,,,,,,,,,,,,,,,,,,,,,,,,,,,,,,,,,,,,,,,,,,,,,,,,,,,,,,,,,,,,,,,,,,,,,,,,,,,,,,,,
Othello,"7,554","1,135",152,911,72,148,15,132,1,NA,NA,NA,NA,2,1,NA,NA,NA,1,1,NA,1,8,NA,75,9,397,1,NA,5,NA,4,1,NA,NA,378,NA,4,37,92,2,110,15,118,31,5,2,49,48,1,NA,NA,NA,NA,NA,NA,1,1,NA,22,,,,,,,,,,,,,,,,,,,,,,,,,,,,,,,,,,,,,,,,,,,,,,,,,,,,,,,,,,,,,,,,,,,,,,,,,,,,,,,,,,,,,,,,,,,,,,,,,,,,,,,,,,,,,,,,,,,,,,,,,,,,,,,,,,,,,,,,,,,,,,,,,,,,,,,,,,,,,,,,,,,,,,,,,,,,,,,,,,,,,,,
Pacific,"6,803",325,62,246,17,58,4,44,10,1,1,NA,NA,NA,3,NA,NA,NA,3,NA,NA,NA,NA,NA,39,1,33,2,NA,14,NA,11,3,NA,NA,123,NA,NA,2,10,NA,38,6,67,31,NA,3,16,15,1,NA,NA,NA,NA,NA,NA,1,1,NA,NA,,,,,,,,,,,,,,,,,,,,,,,,,,,,,,,,,,,,,,,,,,,,,,,,,,,,,,,,,,,,,,,,,,,,,,,,,,,,,,,,,,,,,,,,,,,,,,,,,,,,,,,,,,,,,,,,,,,,,,,,,,,,,,,,,,,,,,,,,,,,,,,,,,,,,,,,,,,,,,,,,,,,,,,,,,,,,,,,,,,,,,,
Palouse,"1,021",11,0,11,0,NA,NA,NA,NA,NA,NA,NA,NA,NA,NA,NA,NA,NA,NA,NA,NA,NA,NA,NA,NA,NA,3,NA,NA,4,NA,4,NA,NA,NA,4,NA,NA,NA,4,NA,NA,NA,NA,NA,NA,NA,NA,NA,NA,NA,NA,NA,NA,NA,NA,NA,NA,NA,NA,,,,,,,,,,,,,,,,,,,,,,,,,,,,,,,,,,,,,,,,,,,,,,,,,,,,,,,,,,,,,,,,,,,,,,,,,,,,,,,,,,,,,,,,,,,,,,,,,,,,,,,,,,,,,,,,,,,,,,,,,,,,,,,,,,,,,,,,,,,,,,,,,,,,,,,,,,,,,,,,,,,,,,,,,,,,,,,,,,,,,,,
Pasco,"63,806","4,191",895,"2,756",540,755,139,509,107,1,1,NA,NA,28,109,14,5,NA,90,2,NA,2,11,NA,426,51,677,1,2,267,154,52,54,NA,7,"1,081",NA,1,167,10,2,256,26,619,171,41,28,446,281,165,NA,NA,NA,NA,NA,3,7,5,2,84,,,,,,,,,,,,,,,,,,,,,,,,,,,,,,,,,,,,,,,,,,,,,,,,,,,,,,,,,,,,,,,,,,,,,,,,,,,,,,,,,,,,,,,,,,,,,,,,,,,,,,,,,,,,,,,,,,,,,,,,,,,,,,,,,,,,,,,,,,,,,,,,,,,,,,,,,,,,,,,,,,,,,,,,,,,,,,,,,,,,,,,
Port Angeles,"19,342","2,242",479,"1,551",212,426,56,300,70,1,NA,1,NA,11,36,13,1,6,16,5,1,4,4,NA,252,81,404,3,2,54,16,35,3,NA,NA,607,3,NA,139,43,NA,123,44,255,56,11,77,170,138,32,NA,NA,NA,NA,NA,4,2,NA,2,36,,,,,,,,,,,,,,,,,,,,,,,,,,,,,,,,,,,,,,,,,,,,,,,,,,,,,,,,,,,,,,,,,,,,,,,,,,,,,,,,,,,,,,,,,,,,,,,,,,,,,,,,,,,,,,,,,,,,,,,,,,,,,,,,,,,,,,,,,,,,,,,,,,,,,,,,,,,,,,,,,,,,,,,,,,,,,,,,,,,,,,,
Port Orchard,"11,444","1,652",278,"1,114",260,262,56,202,4,NA,NA,NA,NA,NA,16,5,7,NA,4,NA,NA,NA,NA,NA,149,30,138,4,1,34,15,3,16,NA,NA,649,NA,NA,183,NA,NA,123,4,339,70,10,29,243,143,100,NA,NA,NA,NA,NA,NA,NA,NA,NA,17,,,,,,,,,,,,,,,,,,,,,,,,,,,,,,,,,,,,,,,,,,,,,,,,,,,,,,,,,,,,,,,,,,,,,,,,,,,,,,,,,,,,,,,,,,,,,,,,,,,,,,,,,,,,,,,,,,,,,,,,,,,,,,,,,,,,,,,,,,,,,,,,,,,,,,,,,,,,,,,,,,,,,,,,,,,,,,,,,,,,,,,
Port Townsend,"9,219",645,117,498,30,102,11,51,40,NA,NA,NA,NA,2,9,6,NA,1,2,4,2,2,8,NA,55,11,122,NA,NA,16,NA,16,NA,NA,NA,271,4,2,45,42,NA,39,28,111,11,1,3,24,21,3,NA,NA,NA,NA,NA,NA,NA,NA,NA,6,,,,,,,,,,,,,,,,,,,,,,,,,,,,,,,,,,,,,,,,,,,,,,,,,,,,,,,,,,,,,,,,,,,,,,,,,,,,,,,,,,,,,,,,,,,,,,,,,,,,,,,,,,,,,,,,,,,,,,,,,,,,,,,,,,,,,,,,,,,,,,,,,,,,,,,,,,,,,,,,,,,,,,,,,,,,,,,,,,,,,,,
Poulsbo,"9,428",702,81,566,55,77,12,65,NA,2,2,NA,NA,NA,2,2,NA,NA,NA,NA,NA,NA,NA,NA,81,6,139,NA,NA,19,5,NA,14,NA,NA,284,1,4,108,18,1,55,2,95,13,8,16,50,35,15,NA,NA,NA,NA,NA,NA,1,1,NA,4,,,,,,,,,,,,,,,,,,,,,,,,,,,,,,,,,,,,,,,,,,,,,,,,,,,,,,,,,,,,,,,,,,,,,,,,,,,,,,,,,,,,,,,,,,,,,,,,,,,,,,,,,,,,,,,,,,,,,,,,,,,,,,,,,,,,,,,,,,,,,,,,,,,,,,,,,,,,,,,,,,,,,,,,,,,,,,,,,,,,,,,
Pullman,"30,206",890,191,577,122,175,21,140,14,NA,NA,NA,NA,NA,16,5,1,1,9,NA,NA,NA,NA,NA,61,4,173,NA,NA,128,45,83,NA,NA,NA,195,4,7,37,55,NA,31,2,59,4,3,9,109,68,41,NA,NA,NA,NA,NA,NA,NA,NA,NA,13,,,,,,,,,,,,,,,,,,,,,,,,,,,,,,,,,,,,,,,,,,,,,,,,,,,,,,,,,,,,,,,,,,,,,,,,,,,,,,,,,,,,,,,,,,,,,,,,,,,,,,,,,,,,,,,,,,,,,,,,,,,,,,,,,,,,,,,,,,,,,,,,,,,,,,,,,,,,,,,,,,,,,,,,,,,,,,,,,,,,,,,
Puyallup,"37,821","5,989",598,"4,931",460,555,45,505,5,NA,NA,NA,NA,5,35,18,NA,2,15,3,NA,3,14,NA,4413,92,"1,285",1,1,325,42,55,221,NA,7,"2,413",10,11,789,318,6,838,44,397,243,36,80,414,288,126,NA,NA,NA,NA,NA,2,1,1,NA,43,,,,,,,,,,,,,,,,,,,,,,,,,,,,,,,,,,,,,,,,,,,,,,,,,,,,,,,,,,,,,,,,,,,,,,,,,,,,,,,,,,,,,,,,,,,,,,,,,,,,,,,,,,,,,,,,,,,,,,,,,,,,,,,,,,,,,,,,,,,,,,,,,,,,,,,,,,,,,,,,,,,,,,,,,,,,,,,,,,,,,,,
Quincy,"6,985",624,117,451,56,106,22,84,NA,NA,NA,NA,NA,NA,10,9,NA,NA,1,1,NA,1,1,NA,103,2,205,NA,NA,5,4,1,NA,NA,NA,112,NA,3,6,NA,NA,10,1,92,19,1,3,51,31,20,NA,NA,NA,NA,NA,NA,NA,NA,NA,5,,,,,,,,,,,,,,,,,,,,,,,,,,,,,,,,,,,,,,,,,,,,,,,,,,,,,,,,,,,,,,,,,,,,,,,,,,,,,,,,,,,,,,,,,,,,,,,,,,,,,,,,,,,,,,,,,,,,,,,,,,,,,,,,,,,,,,,,,,,,,,,,,,,,,,,,,,,,,,,,,,,,,,,,,,,,,,,,,,,,,,,
Rainier,"1,844",113,14,72,27,14,NA,14,NA,NA,NA,NA,NA,NA,NA,NA,NA,NA,NA,NA,NA,NA,NA,NA,20,NA,19,NA,NA,3,1,2,NA,NA,NA,25,NA,NA,NA,NA,NA,14,NA,11,4,NA,1,25,16,9,NA,NA,NA,NA,NA,NA,NA,NA,NA,2,,,,,,,,,,,,,,,,,,,,,,,,,,,,,,,,,,,,,,,,,,,,,,,,,,,,,,,,,,,,,,,,,,,,,,,,,,,,,,,,,,,,,,,,,,,,,,,,,,,,,,,,,,,,,,,,,,,,,,,,,,,,,,,,,,,,,,,,,,,,,,,,,,,,,,,,,,,,,,,,,,,,,,,,,,,,,,,,,,,,,,,
Raymond,"2,911",150,64,85,1,63,4,57,2,NA,NA,NA,NA,NA,1,NA,NA,1,NA,NA,NA,NA,NA,NA,23,4,9,NA,NA,3,NA,3,NA,NA,NA,43,NA,NA,2,4,1,14,2,20,3,NA,NA,1,1,NA,NA,NA,NA,NA,NA,NA,NA,NA,NA,NA,,,,,,,,,,,,,,,,,,,,,,,,,,,,,,,,,,,,,,,,,,,,,,,,,,,,,,,,,,,,,,,,,,,,,,,,,,,,,,,,,,,,,,,,,,,,,,,,,,,,,,,,,,,,,,,,,,,,,,,,,,,,,,,,,,,,,,,,,,,,,,,,,,,,,,,,,,,,,,,,,,,,,,,,,,,,,,,,,,,,,,,
Reardan,573,34,1,10,23,1,NA,1,NA,NA,NA,NA,NA,NA,NA,NA,NA,NA,NA,NA,NA,NA,NA,NA,2,NA,1,NA,NA,NA,NA,NA,NA,NA,NA,7,NA,NA,NA,5,NA,1,NA,1,NA,NA,NA,22,11,11,NA,NA,NA,NA,NA,NA,NA,NA,NA,1,,,,,,,,,,,,,,,,,,,,,,,,,,,,,,,,,,,,,,,,,,,,,,,,,,,,,,,,,,,,,,,,,,,,,,,,,,,,,,,,,,,,,,,,,,,,,,,,,,,,,,,,,,,,,,,,,,,,,,,,,,,,,,,,,,,,,,,,,,,,,,,,,,,,,,,,,,,,,,,,,,,,,,,,,,,,,,,,,,,,,,,
Redmond,"55,770","2,529",276,"1,959",294,238,17,176,45,1,NA,1,NA,1,36,8,1,4,23,NA,NA,NA,8,NA,169,52,414,14,NA,214,65,95,47,NA,7,990,1,1,245,130,1,303,81,228,49,11,38,275,140,135,NA,NA,NA,NA,NA,5,NA,NA,NA,14,,,,,,,,,,,,,,,,,,,,,,,,,,,,,,,,,,,,,,,,,,,,,,,,,,,,,,,,,,,,,,,,,,,,,,,,,,,,,,,,,,,,,,,,,,,,,,,,,,,,,,,,,,,,,,,,,,,,,,,,,,,,,,,,,,,,,,,,,,,,,,,,,,,,,,,,,,,,,,,,,,,,,,,,,,,,,,,,,,,,,,,
Renton,"93,722","8,281",846,"7,296",139,761,139,569,53,2,2,NA,NA,16,55,28,NA,NA,27,12,1,11,11,NA,888,306,"1,986",NA,2,233,2,231,NA,NA,NA,"3,099",NA,NA,NA,NA,NA,NA,NA,"3,099",625,115,31,108,94,14,NA,NA,NA,NA,NA,3,3,1,2,25,,,,,,,,,,,,,,,,,,,,,,,,,,,,,,,,,,,,,,,,,,,,,,,,,,,,,,,,,,,,,,,,,,,,,,,,,,,,,,,,,,,,,,,,,,,,,,,,,,,,,,,,,,,,,,,,,,,,,,,,,,,,,,,,,,,,,,,,,,,,,,,,,,,,,,,,,,,,,,,,,,,,,,,,,,,,,,,,,,,,,,,
Richland,"50,057","3,252",582,"2,131",539,512,51,425,36,NA,NA,NA,NA,6,60,20,NA,1,39,4,NA,4,10,NA,181,35,560,6,1,193,79,87,27,NA,NA,"1,027",NA,1,219,6,9,284,18,490,65,11,42,484,296,188,NA,NA,NA,NA,NA,8,1,1,NA,46,,,,,,,,,,,,,,,,,,,,,,,,,,,,,,,,,,,,,,,,,,,,,,,,,,,,,,,,,,,,,,,,,,,,,,,,,,,,,,,,,,,,,,,,,,,,,,,,,,,,,,,,,,,,,,,,,,,,,,,,,,,,,,,,,,,,,,,,,,,,,,,,,,,,,,,,,,,,,,,,,,,,,,,,,,,,,,,,,,,,,,,
Ridgefield,"4,899",128,24,91,13,22,1,17,4,NA,NA,NA,NA,NA,2,1,NA,NA,1,NA,NA,NA,1,NA,8,NA,24,NA,NA,7,NA,7,NA,NA,NA,49,NA,NA,NA,11,1,26,NA,11,1,NA,1,12,11,1,NA,NA,NA,NA,NA,NA,NA,NA,NA,1,,,,,,,,,,,,,,,,,,,,,,,,,,,,,,,,,,,,,,,,,,,,,,,,,,,,,,,,,,,,,,,,,,,,,,,,,,,,,,,,,,,,,,,,,,,,,,,,,,,,,,,,,,,,,,,,,,,,,,,,,,,,,,,,,,,,,,,,,,,,,,,,,,,,,,,,,,,,,,,,,,,,,,,,,,,,,,,,,,,,,,,
Ritzville,"1,716",119,18,92,9,15,2,13,NA,NA,NA,NA,NA,1,2,1,NA,NA,1,NA,NA,NA,NA,NA,22,1,18,NA,NA,2,NA,2,NA,NA,NA,47,NA,NA,4,2,NA,NA,3,38,NA,1,1,7,7,NA,NA,NA,NA,NA,NA,NA,NA,NA,NA,2,,,,,,,,,,,,,,,,,,,,,,,,,,,,,,,,,,,,,,,,,,,,,,,,,,,,,,,,,,,,,,,,,,,,,,,,,,,,,,,,,,,,,,,,,,,,,,,,,,,,,,,,,,,,,,,,,,,,,,,,,,,,,,,,,,,,,,,,,,,,,,,,,,,,,,,,,,,,,,,,,,,,,,,,,,,,,,,,,,,,,,,
Royal City,"2,215",82,15,59,8,15,1,13,1,NA,NA,NA,NA,NA,NA,NA,NA,NA,NA,NA,NA,NA,NA,NA,4,NA,30,NA,NA,NA,NA,NA,NA,NA,NA,20,NA,NA,3,NA,NA,2,2,13,4,1,NA,6,6,NA,NA,NA,NA,NA,NA,NA,NA,NA,NA,2,,,,,,,,,,,,,,,,,,,,,,,,,,,,,,,,,,,,,,,,,,,,,,,,,,,,,,,,,,,,,,,,,,,,,,,,,,,,,,,,,,,,,,,,,,,,,,,,,,,,,,,,,,,,,,,,,,,,,,,,,,,,,,,,,,,,,,,,,,,,,,,,,,,,,,,,,,,,,,,,,,,,,,,,,,,,,,,,,,,,,,,
Ruston,766,78,9,60,9,9,NA,9,NA,NA,NA,NA,NA,NA,NA,NA,NA,NA,NA,NA,NA,NA,NA,NA,6,NA,17,NA,NA,10,1,1,8,NA,NA,20,NA,NA,1,1,1,7,NA,10,2,1,4,7,6,1,NA,NA,NA,NA,NA,NA,NA,NA,NA,2,,,,,,,,,,,,,,,,,,,,,,,,,,,,,,,,,,,,,,,,,,,,,,,,,,,,,,,,,,,,,,,,,,,,,,,,,,,,,,,,,,,,,,,,,,,,,,,,,,,,,,,,,,,,,,,,,,,,,,,,,,,,,,,,,,,,,,,,,,,,,,,,,,,,,,,,,,,,,,,,,,,,,,,,,,,,,,,,,,,,,,,
Seattle,"626,865","55,402","10,248","42,668","2,486","9,801","2,199","5,514","2,088",23,23,NA,NA,58,350,119,39,12,180,16,10,6,77,NA,"6,455",329,"5,639",129,21,"2,751",651,"1,362",620,9,109,"22,053",175,47,"4,386","1,846",21,"9,039","1,262","5,277","3,591","1,426",197,"1,714","1,304",410,2,2,NA,NA,NA,12,248,237,11,510,,,,,,,,,,,,,,,,,,,,,,,,,,,,,,,,,,,,,,,,,,,,,,,,,,,,,,,,,,,,,,,,,,,,,,,,,,,,,,,,,,,,,,,,,,,,,,,,,,,,,,,,,,,,,,,,,,,,,,,,,,,,,,,,,,,,,,,,,,,,,,,,,,,,,,,,,,,,,,,,,,,,,,,,,,,,,,,,,,,,,,,
Sequim,"6,710",824,135,595,94,117,24,87,6,NA,NA,NA,NA,4,13,11,NA,NA,2,1,NA,1,NA,NA,51,17,104,NA,1,13,1,12,NA,NA,NA,382,2,NA,116,79,2,48,52,83,14,2,11,84,47,37,NA,NA,NA,NA,NA,NA,NA,NA,NA,10,,,,,,,,,,,,,,,,,,,,,,,,,,,,,,,,,,,,,,,,,,,,,,,,,,,,,,,,,,,,,,,,,,,,,,,,,,,,,,,,,,,,,,,,,,,,,,,,,,,,,,,,,,,,,,,,,,,,,,,,,,,,,,,,,,,,,,,,,,,,,,,,,,,,,,,,,,,,,,,,,,,,,,,,,,,,,,,,,,,,,,,
Shelton,"9,963","1,657",199,"1,273",185,161,32,124,5,2,2,NA,NA,6,29,15,NA,NA,14,1,1,NA,6,NA,183,36,250,1,NA,50,3,27,20,NA,NA,628,2,11,179,80,NA,150,26,180,67,11,41,159,108,51,NA,NA,NA,NA,NA,NA,NA,NA,NA,26,,,,,,,,,,,,,,,,,,,,,,,,,,,,,,,,,,,,,,,,,,,,,,,,,,,,,,,,,,,,,,,,,,,,,,,,,,,,,,,,,,,,,,,,,,,,,,,,,,,,,,,,,,,,,,,,,,,,,,,,,,,,,,,,,,,,,,,,,,,,,,,,,,,,,,,,,,,,,,,,,,,,,,,,,,,,,,,,,,,,,,,
Snoqualmie,"10,991",295,30,206,59,29,2,26,1,NA,NA,NA,NA,NA,1,NA,NA,NA,1,NA,NA,NA,1,NA,28,2,55,NA,NA,NA,NA,NA,NA,NA,NA,112,NA,NA,4,21,1,46,4,36,3,NA,5,55,38,17,NA,NA,NA,NA,NA,NA,NA,NA,NA,4,,,,,,,,,,,,,,,,,,,,,,,,,,,,,,,,,,,,,,,,,,,,,,,,,,,,,,,,,,,,,,,,,,,,,,,,,,,,,,,,,,,,,,,,,,,,,,,,,,,,,,,,,,,,,,,,,,,,,,,,,,,,,,,,,,,,,,,,,,,,,,,,,,,,,,,,,,,,,,,,,,,,,,,,,,,,,,,,,,,,,,,
Steilacoom,"6,115",221,42,149,30,41,7,34,NA,NA,NA,NA,NA,NA,1,1,NA,NA,NA,NA,NA,NA,1,NA,31,1,39,NA,1,19,2,5,11,NA,1,49,1,1,2,13,NA,16,NA,16,6,NA,2,27,22,5,NA,NA,NA,NA,NA,1,NA,NA,NA,2,,,,,,,,,,,,,,,,,,,,,,,,,,,,,,,,,,,,,,,,,,,,,,,,,,,,,,,,,,,,,,,,,,,,,,,,,,,,,,,,,,,,,,,,,,,,,,,,,,,,,,,,,,,,,,,,,,,,,,,,,,,,,,,,,,,,,,,,,,,,,,,,,,,,,,,,,,,,,,,,,,,,,,,,,,,,,,,,,,,,,,,
Sumas,"1,338",80,16,40,24,15,1,14,NA,NA,NA,NA,NA,NA,1,NA,NA,NA,1,NA,NA,NA,NA,NA,6,NA,8,NA,NA,NA,NA,NA,NA,NA,NA,26,NA,NA,5,4,NA,4,1,12,NA,NA,NA,22,22,NA,NA,NA,NA,NA,NA,NA,NA,NA,NA,2,,,,,,,,,,,,,,,,,,,,,,,,,,,,,,,,,,,,,,,,,,,,,,,,,,,,,,,,,,,,,,,,,,,,,,,,,,,,,,,,,,,,,,,,,,,,,,,,,,,,,,,,,,,,,,,,,,,,,,,,,,,,,,,,,,,,,,,,,,,,,,,,,,,,,,,,,,,,,,,,,,,,,,,,,,,,,,,,,,,,,,,
Sumner,"9,656",955,117,781,57,103,22,81,NA,1,1,NA,NA,NA,11,2,1,NA,8,2,NA,2,2,NA,125,18,192,NA,NA,36,10,9,17,NA,NA,339,1,1,35,57,NA,116,3,126,39,10,20,54,37,17,NA,NA,NA,NA,NA,NA,NA,NA,NA,3,,,,,,,,,,,,,,,,,,,,,,,,,,,,,,,,,,,,,,,,,,,,,,,,,,,,,,,,,,,,,,,,,,,,,,,,,,,,,,,,,,,,,,,,,,,,,,,,,,,,,,,,,,,,,,,,,,,,,,,,,,,,,,,,,,,,,,,,,,,,,,,,,,,,,,,,,,,,,,,,,,,,,,,,,,,,,,,,,,,,,,,
Sunnyside,"16,271","1,608",281,"1,033",294,255,15,193,47,NA,NA,NA,NA,1,23,3,NA,NA,20,2,1,1,1,NA,102,9,411,NA,NA,44,26,4,12,1,1,379,NA,13,109,22,4,126,3,102,81,5,1,253,129,124,NA,NA,NA,NA,NA,NA,1,1,NA,40,,,,,,,,,,,,,,,,,,,,,,,,,,,,,,,,,,,,,,,,,,,,,,,,,,,,,,,,,,,,,,,,,,,,,,,,,,,,,,,,,,,,,,,,,,,,,,,,,,,,,,,,,,,,,,,,,,,,,,,,,,,,,,,,,,,,,,,,,,,,,,,,,,,,,,,,,,,,,,,,,,,,,,,,,,,,,,,,,,,,,,,
Tacoma,"202,646","27,226","4,608","21,375","1,243","4,213","1,039","3,120",54,13,12,1,NA,88,253,94,7,10,142,41,3,38,72,NA,"2,987",246,"5,991",4,20,"1,340",288,615,415,4,18,"8,300",13,34,"1,502",184,17,"3,415",249,"2,886","1,675",486,254,829,591,238,NA,NA,NA,NA,NA,15,135,128,7,264,,,,,,,,,,,,,,,,,,,,,,,,,,,,,,,,,,,,,,,,,,,,,,,,,,,,,,,,,,,,,,,,,,,,,,,,,,,,,,,,,,,,,,,,,,,,,,,,,,,,,,,,,,,,,,,,,,,,,,,,,,,,,,,,,,,,,,,,,,,,,,,,,,,,,,,,,,,,,,,,,,,,,,,,,,,,,,,,,,,,,,,
Tenino,"1,741",87,17,50,20,17,1,16,NA,NA,NA,NA,NA,NA,NA,NA,NA,NA,NA,NA,NA,NA,NA,NA,9,1,12,NA,NA,6,NA,4,2,NA,NA,18,NA,NA,3,NA,NA,8,NA,7,3,1,NA,20,10,10,NA,NA,NA,NA,NA,NA,NA,NA,NA,NA,,,,,,,,,,,,,,,,,,,,,,,,,,,,,,,,,,,,,,,,,,,,,,,,,,,,,,,,,,,,,,,,,,,,,,,,,,,,,,,,,,,,,,,,,,,,,,,,,,,,,,,,,,,,,,,,,,,,,,,,,,,,,,,,,,,,,,,,,,,,,,,,,,,,,,,,,,,,,,,,,,,,,,,,,,,,,,,,,,,,,,,
Tonasket,"1,048",73,17,54,2,17,2,15,NA,NA,NA,NA,NA,NA,NA,NA,NA,NA,NA,NA,NA,NA,NA,NA,5,NA,16,NA,NA,2,1,1,NA,NA,NA,26,NA,NA,NA,1,NA,7,2,16,4,1,NA,2,2,NA,NA,NA,NA,NA,NA,NA,NA,NA,NA,NA,,,,,,,,,,,,,,,,,,,,,,,,,,,,,,,,,,,,,,,,,,,,,,,,,,,,,,,,,,,,,,,,,,,,,,,,,,,,,,,,,,,,,,,,,,,,,,,,,,,,,,,,,,,,,,,,,,,,,,,,,,,,,,,,,,,,,,,,,,,,,,,,,,,,,,,,,,,,,,,,,,,,,,,,,,,,,,,,,,,,,,,
Toppenish,"9,184","1,101",250,742,109,233,33,177,23,1,1,NA,NA,5,10,1,2,NA,7,1,NA,1,2,NA,93,10,212,NA,NA,25,18,6,1,NA,NA,311,NA,3,133,3,NA,42,8,122,71,9,9,64,30,34,NA,NA,NA,NA,NA,1,NA,NA,NA,44,,,,,,,,,,,,,,,,,,,,,,,,,,,,,,,,,,,,,,,,,,,,,,,,,,,,,,,,,,,,,,,,,,,,,,,,,,,,,,,,,,,,,,,,,,,,,,,,,,,,,,,,,,,,,,,,,,,,,,,,,,,,,,,,,,,,,,,,,,,,,,,,,,,,,,,,,,,,,,,,,,,,,,,,,,,,,,,,,,,,,,,
Tukwila,"19,677","5,609",633,"4,612",364,591,87,385,119,2,2,NA,NA,12,24,20,NA,NA,4,4,NA,4,6,NA,285,121,974,NA,2,68,47,NA,21,NA,NA,"2,578",3,16,"1,032",232,NA,755,42,498,396,99,83,297,267,30,NA,NA,NA,NA,NA,NA,18,10,8,49,,,,,,,,,,,,,,,,,,,,,,,,,,,,,,,,,,,,,,,,,,,,,,,,,,,,,,,,,,,,,,,,,,,,,,,,,,,,,,,,,,,,,,,,,,,,,,,,,,,,,,,,,,,,,,,,,,,,,,,,,,,,,,,,,,,,,,,,,,,,,,,,,,,,,,,,,,,,,,,,,,,,,,,,,,,,,,,,,,,,,,,
University Place,"31,820","1,750",274,"1,372",104,242,57,183,2,NA,NA,NA,NA,3,27,10,NA,1,16,2,NA,2,2,NA,232,16,251,1,3,149,32,72,43,NA,2,612,2,3,93,32,1,315,11,155,63,19,24,92,66,26,NA,NA,NA,NA,NA,1,1,1,NA,10,,,,,,,,,,,,,,,,,,,,,,,,,,,,,,,,,,,,,,,,,,,,,,,,,,,,,,,,,,,,,,,,,,,,,,,,,,,,,,,,,,,,,,,,,,,,,,,,,,,,,,,,,,,,,,,,,,,,,,,,,,,,,,,,,,,,,,,,,,,,,,,,,,,,,,,,,,,,,,,,,,,,,,,,,,,,,,,,,,,,,,,
Vader,632,26,3,23,0,3,NA,3,NA,NA,NA,NA,NA,NA,NA,NA,NA,NA,NA,NA,NA,NA,NA,NA,5,NA,6,NA,NA,NA,NA,NA,NA,NA,NA,12,NA,NA,NA,3,NA,5,NA,4,NA,NA,NA,NA,NA,NA,NA,NA,NA,NA,NA,NA,NA,NA,NA,NA,,,,,,,,,,,,,,,,,,,,,,,,,,,,,,,,,,,,,,,,,,,,,,,,,,,,,,,,,,,,,,,,,,,,,,,,,,,,,,,,,,,,,,,,,,,,,,,,,,,,,,,,,,,,,,,,,,,,,,,,,,,,,,,,,,,,,,,,,,,,,,,,,,,,,,,,,,,,,,,,,,,,,,,,,,,,,,,,,,,,,,,
Wapato,"5,123",601,138,415,48,132,23,101,8,NA,NA,NA,NA,1,4,2,NA,NA,2,1,NA,1,2,NA,67,3,142,1,NA,5,5,NA,NA,NA,NA,136,2,3,29,18,1,28,5,50,50,5,4,36,22,14,NA,NA,NA,NA,NA,NA,NA,NA,NA,12,,,,,,,,,,,,,,,,,,,,,,,,,,,,,,,,,,,,,,,,,,,,,,,,,,,,,,,,,,,,,,,,,,,,,,,,,,,,,,,,,,,,,,,,,,,,,,,,,,,,,,,,,,,,,,,,,,,,,,,,,,,,,,,,,,,,,,,,,,,,,,,,,,,,,,,,,,,,,,,,,,,,,,,,,,,,,,,,,,,,,,,
Warden,"2,785",145,17,125,3,17,NA,17,NA,NA,NA,NA,NA,NA,NA,NA,NA,NA,NA,NA,NA,NA,NA,NA,9,2,82,NA,NA,5,2,2,1,NA,NA,21,NA,NA,NA,NA,NA,5,2,14,6,NA,NA,3,1,2,NA,NA,NA,NA,NA,NA,NA,NA,NA,NA,,,,,,,,,,,,,,,,,,,,,,,,,,,,,,,,,,,,,,,,,,,,,,,,,,,,,,,,,,,,,,,,,,,,,,,,,,,,,,,,,,,,,,,,,,,,,,,,,,,,,,,,,,,,,,,,,,,,,,,,,,,,,,,,,,,,,,,,,,,,,,,,,,,,,,,,,,,,,,,,,,,,,,,,,,,,,,,,,,,,,,,
Westport,"2,113",178,33,127,18,32,NA,30,2,NA,NA,NA,NA,NA,1,NA,NA,NA,1,NA,NA,NA,2,NA,29,NA,35,NA,NA,NA,NA,NA,NA,NA,NA,57,NA,NA,5,NA,NA,10,NA,42,4,NA,NA,17,11,6,NA,NA,NA,NA,NA,1,NA,NA,NA,NA,,,,,,,,,,,,,,,,,,,,,,,,,,,,,,,,,,,,,,,,,,,,,,,,,,,,,,,,,,,,,,,,,,,,,,,,,,,,,,,,,,,,,,,,,,,,,,,,,,,,,,,,,,,,,,,,,,,,,,,,,,,,,,,,,,,,,,,,,,,,,,,,,,,,,,,,,,,,,,,,,,,,,,,,,,,,,,,,,,,,,,,
West Richland,"12,303",458,116,291,51,100,13,82,5,NA,NA,NA,NA,3,11,1,1,NA,9,2,NA,2,1,NA,42,3,99,NA,NA,17,12,2,2,NA,1,124,NA,NA,8,3,NA,22,NA,91,2,1,2,42,27,15,NA,NA,NA,NA,NA,NA,NA,NA,NA,9,,,,,,,,,,,,,,,,,,,,,,,,,,,,,,,,,,,,,,,,,,,,,,,,,,,,,,,,,,,,,,,,,,,,,,,,,,,,,,,,,,,,,,,,,,,,,,,,,,,,,,,,,,,,,,,,,,,,,,,,,,,,,,,,,,,,,,,,,,,,,,,,,,,,,,,,,,,,,,,,,,,,,,,,,,,,,,,,,,,,,,,
White Salmon,"2,288",94,16,75,3,14,1,11,2,NA,NA,NA,NA,NA,2,2,NA,NA,NA,NA,NA,NA,NA,NA,8,12,16,NA,NA,1,1,NA,NA,NA,NA,38,NA,NA,6,21,NA,10,1,NA,NA,NA,NA,3,3,NA,NA,NA,NA,NA,NA,NA,NA,NA,NA,NA,,,,,,,,,,,,,,,,,,,,,,,,,,,,,,,,,,,,,,,,,,,,,,,,,,,,,,,,,,,,,,,,,,,,,,,,,,,,,,,,,,,,,,,,,,,,,,,,,,,,,,,,,,,,,,,,,,,,,,,,,,,,,,,,,,,,,,,,,,,,,,,,,,,,,,,,,,,,,,,,,,,,,,,,,,,,,,,,,,,,,,,
Winlock,"1,359",67,10,56,1,6,NA,6,NA,NA,NA,NA,NA,NA,4,2,NA,NA,2,NA,NA,NA,NA,NA,15,NA,15,NA,NA,5,4,1,NA,NA,NA,21,NA,NA,1,4,NA,7,NA,9,NA,NA,NA,1,1,NA,NA,NA,NA,NA,NA,NA,NA,NA,NA,NA,,,,,,,,,,,,,,,,,,,,,,,,,,,,,,,,,,,,,,,,,,,,,,,,,,,,,,,,,,,,,,,,,,,,,,,,,,,,,,,,,,,,,,,,,,,,,,,,,,,,,,,,,,,,,,,,,,,,,,,,,,,,,,,,,,,,,,,,,,,,,,,,,,,,,,,,,,,,,,,,,,,,,,,,,,,,,,,,,,,,,,,
Woodland,"5,566",539,108,352,79,96,7,73,16,NA,NA,NA,NA,2,9,5,NA,NA,4,1,NA,1,1,NA,45,16,63,NA,1,17,4,3,9,NA,1,180,NA,NA,63,21,1,47,3,45,17,2,10,69,43,26,NA,NA,NA,NA,NA,1,NA,NA,NA,9,,,,,,,,,,,,,,,,,,,,,,,,,,,,,,,,,,,,,,,,,,,,,,,,,,,,,,,,,,,,,,,,,,,,,,,,,,,,,,,,,,,,,,,,,,,,,,,,,,,,,,,,,,,,,,,,,,,,,,,,,,,,,,,,,,,,,,,,,,,,,,,,,,,,,,,,,,,,,,,,,,,,,,,,,,,,,,,,,,,,,,,
Woodway,"1,337",24,3,18,3,3,NA,3,NA,NA,NA,NA,NA,NA,NA,NA,NA,NA,NA,NA,NA,NA,NA,NA,3,NA,3,NA,NA,3,NA,2,NA,NA,1,9,NA,NA,NA,4,NA,4,NA,1,NA,NA,NA,3,2,1,NA,NA,NA,NA,NA,NA,NA,NA,NA,NA,,,,,,,,,,,,,,,,,,,,,,,,,,,,,,,,,,,,,,,,,,,,,,,,,,,,,,,,,,,,,,,,,,,,,,,,,,,,,,,,,,,,,,,,,,,,,,,,,,,,,,,,,,,,,,,,,,,,,,,,,,,,,,,,,,,,,,,,,,,,,,,,,,,,,,,,,,,,,,,,,,,,,,,,,,,,,,,,,,,,,,,
Yakima,"93,419","10,741","1,843","8,108",790,"1,648",353,"1,043",252,11,11,NA,NA,19,159,53,4,NA,102,6,NA,6,11,NA,"1,564",22,"1,491",14,NA,499,387,62,44,1,5,"3,143",11,54,711,298,18,"1,237",38,776,"1,120",152,92,669,396,273,NA,NA,NA,NA,NA,3,10,10,NA,108,,,,,,,,,,,,,,,,,,,,,,,,,,,,,,,,,,,,,,,,,,,,,,,,,,,,,,,,,,,,,,,,,,,,,,,,,,,,,,,,,,,,,,,,,,,,,,,,,,,,,,,,,,,,,,,,,,,,,,,,,,,,,,,,,,,,,,,,,,,,,,,,,,,,,,,,,,,,,,,,,,,,,,,,,,,,,,,,,,,,,,,
Yarrow Point,"1,032",15,2,13,0,2,NA,2,NA,NA,NA,NA,NA,NA,NA,NA,NA,NA,NA,NA,NA,NA,NA,NA,3,NA,1,NA,NA,1,1,NA,NA,NA,NA,8,NA,NA,NA,2,NA,2,NA,4,NA,NA,NA,NA,NA,NA,NA,NA,NA,NA,NA,NA,NA,NA,NA,NA,,,,,,,,,,,,,,,,,,,,,,,,,,,,,,,,,,,,,,,,,,,,,,,,,,,,,,,,,,,,,,,,,,,,,,,,,,,,,,,,,,,,,,,,,,,,,,,,,,,,,,,,,,,,,,,,,,,,,,,,,,,,,,,,,,,,,,,,,,,,,,,,,,,,,,,,,,,,,,,,,,,,,,,,,,,,,,,,,,,,,,,
Zillah,"3,041",215,40,156,19,39,3,26,10,NA,NA,NA,NA,NA,1,NA,NA,NA,1,NA,NA,NA,NA,NA,27,2,50,NA,NA,17,16,NA,1,NA,NA,47,NA,NA,10,3,NA,10,NA,24,11,1,1,16,11,5,NA,NA,NA,NA,NA,NA,NA,NA,NA,3,,,,,,,,,,,,,,,,,,,,,,,,,,,,,,,,,,,,,,,,,,,,,,,,,,,,,,,,,,,,,,,,,,,,,,,,,,,,,,,,,,,,,,,,,,,,,,,,,,,,,,,,,,,,,,,,,,,,,,,,,,,,,,,,,,,,,,,,,,,,,,,,,,,,,,,,,,,,,,,,,,,,,,,,,,,,,,,,,,,,,,,
